Date,Open,High,Low,Close,Volume
2015-01-02,78.58000183105469,78.93000030517578,77.69999694824219,78.44999694824219,18177500.0
2015-01-05,77.9800033569336,79.25,76.86000061035156,77.19000244140625,26452200.0
2015-01-06,77.2300033569336,77.58999633789062,75.36000061035156,76.1500015258789,27399300.0
2015-01-07,76.76000213623047,77.36000061035156,75.81999969482422,76.1500015258789,22045300.0
2015-01-08,76.73999786376953,78.2300033569336,76.08000183105469,78.18000030517578,23961000.0
2015-01-09,78.19999694824219,78.62000274658203,77.19999694824219,77.73999786376953,21157000.0
2015-01-12,77.83999633789062,78.0,76.20999908447266,76.72000122070312,19190200.0
2015-01-13,77.2300033569336,78.08000183105469,75.8499984741211,76.44999694824219,25179600.0
2015-01-14,76.41999816894531,77.19999694824219,76.02999877929688,76.27999877929688,25918600.0
2015-01-15,76.4000015258789,76.56999969482422,73.54000091552734,74.05000305175781,34134000.0
2015-01-16,74.04000091552734,75.31999969482422,73.83999633789062,75.18000030517578,21791500.0
2015-01-20,75.72000122070312,76.30999755859375,74.81999969482422,76.23999786376953,22821600.0
2015-01-21,76.16000366210938,77.30000305175781,75.8499984741211,76.73999786376953,25096700.0
2015-01-22,77.16999816894531,77.75,76.68000030517578,77.6500015258789,19519500.0
2015-01-23,77.6500015258789,78.19000244140625,77.04000091552734,77.83000183105469,16746500.0
2015-01-26,77.9800033569336,78.47000122070312,77.29000091552734,77.5,19260800.0
2015-01-27,76.70999908447266,76.87999725341797,75.62999725341797,75.77999877929688,20110000.0
2015-01-28,76.9000015258789,77.63999938964844,76.0,76.23999786376953,53306400.0
2015-01-29,76.8499984741211,78.0199966430664,74.20999908447266,78.0,61293500.0
2015-01-30,78.0,78.16000366210938,75.75,75.91000366210938,42649500.0
2015-02-02,76.11000061035156,76.13999938964844,73.75,74.98999786376953,41955300.0
2015-02-03,75.19000244140625,75.58000183105469,73.86000061035156,75.4000015258789,26957700.0
2015-02-04,75.08999633789062,76.3499984741211,75.01000213623047,75.62999725341797,20277400.0
2015-02-05,75.70999908447266,75.9800033569336,75.20999908447266,75.61000061035156,15062600.0
2015-02-06,75.68000030517578,75.69999694824219,74.25,74.47000122070312,21211000.0
2015-02-09,74.05000305175781,74.83000183105469,73.44999694824219,74.44000244140625,16194300.0
2015-02-10,74.8499984741211,75.33999633789062,74.5,75.19000244140625,15811300.0
2015-02-11,75.08999633789062,76.75,75.02999877929688,76.51000213623047,20877400.0
2015-02-12,76.86000061035156,76.87000274658203,75.88999938964844,76.2300033569336,17235000.0
2015-02-13,76.45999908447266,76.4800033569336,75.5,75.73999786376953,18621900.0
2015-02-17,75.30000305175781,76.91000366210938,75.08000183105469,75.5999984741211,25254400.0
2015-02-18,75.94000244140625,76.9000015258789,75.44999694824219,76.70999908447266,22426400.0
2015-02-19,76.98999786376953,79.83999633789062,76.94999694824219,79.41999816894531,45851200.0
2015-02-20,79.55000305175781,80.33999633789062,79.19999694824219,79.9000015258789,36931700.0
2015-02-23,79.95999908447266,80.19000244140625,78.37999725341797,78.83999633789062,24139100.0
2015-02-24,78.5,79.4800033569336,78.0999984741211,78.44999694824219,18897100.0
2015-02-25,78.5,80.19999694824219,78.5,79.55999755859375,25593800.0
2015-02-26,79.87999725341797,81.37000274658203,79.72000122070312,80.41000366210938,31111900.0
2015-02-27,80.68000030517578,81.2300033569336,78.62000274658203,78.97000122070312,30739200.0
2015-03-02,79.0,79.86000061035156,78.5199966430664,79.75,21662500.0
2015-03-03,79.61000061035156,79.69999694824219,78.5199966430664,79.5999984741211,18635000.0
2015-03-04,79.30000305175781,81.1500015258789,78.8499984741211,80.9000015258789,28126700.0
2015-03-05,81.2300033569336,81.98999786376953,81.05000305175781,81.20999908447266,27825700.0
2015-03-06,80.9000015258789,81.33000183105469,79.83000183105469,80.01000213623047,24488600.0
2015-03-09,79.68000030517578,79.91000366210938,78.62999725341797,79.44000244140625,18925100.0
2015-03-10,78.5,79.26000213623047,77.55000305175781,77.55000305175781,23067100.0
2015-03-11,77.80000305175781,78.43000030517578,77.26000213623047,77.56999969482422,20215700.0
2015-03-12,78.0999984741211,79.05000305175781,77.91000366210938,78.93000030517578,16093300.0
2015-03-13,78.5999984741211,79.37999725341797,77.68000030517578,78.05000305175781,18557300.0
2015-03-16,77.95999908447266,78.12000274658203,77.36000061035156,78.06999969482422,19305400.0
2015-03-17,78.36000061035156,79.77999877929688,78.33999633789062,79.36000061035156,22170000.0
2015-03-18,79.25,81.23999786376953,79.16999816894531,80.91000366210938,36912400.0
2015-03-19,81.12000274658203,83.0,81.0,82.75,42099500.0
2015-03-20,83.38999938964844,84.5999984741211,83.06999969482422,83.80000305175781,44466300.0
2015-03-23,83.91999816894531,84.95999908447266,83.30000305175781,84.43000030517578,27357300.0
2015-03-24,84.70999908447266,86.06999969482422,84.5199966430664,85.30999755859375,32576500.0
2015-03-25,85.5,85.5199966430664,82.91999816894531,82.91999816894531,37436100.0
2015-03-26,82.72000122070312,83.7699966430664,82.13999938964844,83.01000213623047,32794800.0
2015-03-27,83.37999725341797,83.94999694824219,82.87999725341797,83.30000305175781,18372600.0
2015-03-30,83.80999755859375,84.33999633789062,82.41000366210938,83.19999694824219,24527700.0
2015-03-31,82.9000015258789,83.5,82.20999908447266,82.22000122070312,19734300.0
2015-04-01,82.5,82.72000122070312,80.87000274658203,81.66999816894531,22058200.0
2015-04-02,82.25,82.55999755859375,81.44000244140625,81.55999755859375,19664100.0
2015-04-06,80.80000305175781,82.80999755859375,80.80000305175781,82.44000244140625,19062900.0
2015-04-07,82.6500015258789,83.41999816894531,82.22000122070312,82.31999969482422,17467000.0
2015-04-08,82.62999725341797,83.0999984741211,81.83999633789062,82.27999877929688,18966700.0
2015-04-09,82.5,82.80000305175781,81.70999908447266,82.16999816894531,15927300.0
2015-04-10,82.20999908447266,82.61000061035156,81.91000366210938,82.04000091552734,12529700.0
2015-04-13,81.93000030517578,83.94000244140625,81.91999816894531,83.01000213623047,26883100.0
2015-04-14,83.16999816894531,83.69000244140625,82.44000244140625,83.5199966430664,19634200.0
2015-04-15,83.55000305175781,83.66000366210938,82.2699966430664,82.70999908447266,22390900.0
2015-04-16,82.47000122070312,83.06999969482422,82.1500015258789,82.30999755859375,13769700.0
2015-04-17,81.4800033569336,82.11000061035156,80.37000274658203,80.77999877929688,24215000.0
2015-04-20,81.54000091552734,83.1500015258789,81.23999786376953,83.08999633789062,28796800.0
2015-04-21,84.0,84.48999786376953,83.54000091552734,83.62000274658203,27171900.0
2015-04-22,84.31999969482422,84.73999786376953,83.6500015258789,84.62999725341797,45548000.0
2015-04-23,84.0999984741211,85.58999633789062,82.41000366210938,82.41000366210938,73728100.0
2015-04-24,82.7699966430664,82.94000244140625,81.4800033569336,81.52999877929688,29660400.0
2015-04-27,81.87000274658203,82.93000030517578,81.62999725341797,81.91000366210938,25446000.0
2015-04-28,81.83000183105469,81.9000015258789,80.2300033569336,80.68000030517578,23775300.0
2015-04-29,80.01000213623047,81.38999938964844,79.5199966430664,80.47000122070312,26430300.0
2015-04-30,80.01000213623047,80.95999908447266,78.31999969482422,78.7699966430664,28999000.0
2015-05-01,79.23999786376953,79.76000213623047,78.11000061035156,78.98999786376953,24136400.0
2015-05-04,79.33000183105469,79.69000244140625,78.62999725341797,78.80999755859375,14692000.0
2015-05-05,78.55000305175781,78.80000305175781,77.22000122070312,77.55999755859375,22311300.0
2015-05-06,77.97000122070312,78.80999755859375,77.05000305175781,78.0999984741211,28663000.0
2015-05-07,78.0,78.94000244140625,77.55999755859375,78.43000030517578,19749400.0
2015-05-08,79.0999984741211,79.2300033569336,78.02999877929688,78.51000213623047,19943600.0
2015-05-11,78.4800033569336,79.02999877929688,77.93000030517578,78.01000213623047,18874100.0
2015-05-12,77.87000274658203,77.88999938964844,76.79000091552734,77.45999908447266,21285300.0
2015-05-13,77.72000122070312,78.52999877929688,77.6500015258789,78.44000244140625,21512300.0
2015-05-14,78.94000244140625,81.8499984741211,78.66999816894531,81.37000274658203,49438000.0
2015-05-15,81.41000366210938,81.5199966430664,80.18000030517578,80.41999816894531,27069900.0
2015-05-18,80.33000183105469,81.37999725341797,80.2300033569336,80.87999725341797,21613700.0
2015-05-19,81.25,81.69000244140625,80.55000305175781,80.62999725341797,17955400.0
2015-05-20,80.47000122070312,81.0999984741211,79.45999908447266,80.55000305175781,23056900.0
2015-05-21,80.19000244140625,80.91999816894531,80.08000183105469,80.4800033569336,13402700.0
2015-05-22,80.3499984741211,81.30999755859375,80.25,80.54000091552734,19567900.0
2015-05-26,80.43000030517578,80.5999984741211,79.08000183105469,79.33000183105469,16321300.0
2015-05-27,79.5999984741211,80.66000366210938,79.43000030517578,80.55000305175781,14160900.0
2015-05-28,80.25,81.06999969482422,80.0,80.1500015258789,11982000.0
2015-05-29,79.94999694824219,80.06999969482422,78.87999725341797,79.19000244140625,16134600.0
2015-06-01,79.30000305175781,80.37999725341797,78.66000366210938,80.29000091552734,18119000.0
2015-06-02,79.76000213623047,81.3499984741211,79.55999755859375,80.44000244140625,18923300.0
2015-06-03,81.3499984741211,82.52999877929688,81.25,82.44000244140625,31775000.0
2015-06-04,82.13999938964844,82.94999694824219,81.51000213623047,82.05000305175781,20863900.0
2015-06-05,81.87000274658203,82.45999908447266,81.51000213623047,82.13999938964844,16143100.0
2015-06-08,81.81999969482422,82.0,80.12999725341797,80.66999816894531,16915500.0
2015-06-09,80.5999984741211,81.19000244140625,79.31999969482422,80.66999816894531,16497500.0
2015-06-10,80.83000183105469,82.5999984741211,80.80999755859375,82.16000366210938,21531200.0
2015-06-11,82.30999755859375,82.9000015258789,81.36000061035156,81.83000183105469,18656800.0
2015-06-12,81.37000274658203,82.08999633789062,81.19999694824219,81.52999877929688,11417900.0
2015-06-15,80.55000305175781,80.93000030517578,80.06999969482422,80.70999908447266,18805100.0
2015-06-16,80.81999969482422,81.51000213623047,80.44999694824219,81.05999755859375,13693700.0
2015-06-17,81.76000213623047,82.22000122070312,81.33999633789062,81.79000091552734,18350300.0
2015-06-18,81.63999938964844,83.19000244140625,81.56999969482422,82.91000366210938,26782600.0
2015-06-19,82.83000183105469,82.9800033569336,82.12000274658203,82.51000213623047,23353200.0
2015-06-22,83.41000366210938,84.97000122070312,83.30999755859375,84.73999786376953,29383100.0
2015-06-23,84.95999908447266,87.97000122070312,84.76000213623047,87.87999725341797,50667900.0
2015-06-24,87.66000366210938,89.25,87.44999694824219,88.86000061035156,41370200.0
2015-06-25,89.26000213623047,89.4000015258789,87.83999633789062,87.9800033569336,27302000.0
2015-06-26,88.12000274658203,88.33999633789062,86.83000183105469,88.01000213623047,38214600.0
2015-06-29,86.61000061035156,87.5,85.7300033569336,85.80000305175781,35957900.0
2015-06-30,86.5999984741211,86.69999694824219,85.56999969482422,85.7699966430664,23016500.0
2015-07-01,86.7699966430664,87.94999694824219,86.48999786376953,86.91000366210938,25260000.0
2015-07-02,87.4000015258789,87.44000244140625,86.33999633789062,87.29000091552734,16908800.0
2015-07-06,86.48999786376953,88.19000244140625,86.38999938964844,87.55000305175781,24635900.0
2015-07-07,87.80000305175781,87.8499984741211,85.2300033569336,87.22000122070312,33059900.0
2015-07-08,86.29000091552734,86.75,85.44999694824219,85.6500015258789,24399300.0
2015-07-09,86.7300033569336,87.5999984741211,85.6500015258789,85.87999725341797,23307400.0
2015-07-10,87.3499984741211,88.22000122070312,86.7699966430664,87.94999694824219,23245900.0
2015-07-13,88.66000366210938,90.22000122070312,88.41999816894531,90.0999984741211,29976700.0
2015-07-14,90.45999908447266,90.80000305175781,89.6500015258789,89.68000030517578,26627800.0
2015-07-15,90.0,90.98999786376953,89.41999816894531,89.76000213623047,30886600.0
2015-07-16,90.27999877929688,90.86000061035156,89.7699966430664,90.8499984741211,21804100.0
2015-07-17,92.55000305175781,95.38999938964844,92.54000091552734,94.97000122070312,54001600.0
2015-07-20,95.8499984741211,98.5999984741211,95.36000061035156,97.91000366210938,54860500.0
2015-07-21,98.94999694824219,99.23999786376953,97.13999938964844,98.38999938964844,39453300.0
2015-07-22,96.73999786376953,97.58000183105469,95.91999816894531,97.04000091552734,28299500.0
2015-07-23,96.95999908447266,97.44999694824219,94.80999755859375,95.44000244140625,29418800.0
2015-07-24,97.3499984741211,97.76000213623047,95.87999725341797,96.94999694824219,33444900.0
2015-07-27,96.58000183105469,96.61000061035156,93.83000183105469,94.16999816894531,38585400.0
2015-07-28,94.83999633789062,95.55999755859375,93.30999755859375,95.29000091552734,35236000.0
2015-07-29,96.31999969482422,97.27999877929688,94.73999786376953,96.98999786376953,64648300.0
2015-07-30,94.91000366210938,95.80999755859375,91.80000305175781,95.20999908447266,86211300.0
2015-07-31,94.94999694824219,96.33000183105469,93.94999694824219,94.01000213623047,46509000.0
2015-08-03,93.52999877929688,95.08000183105469,92.80000305175781,94.13999938964844,29343100.0
2015-08-04,93.79000091552734,94.7300033569336,93.33000183105469,94.05999755859375,20136000.0
2015-08-05,95.25,97.08999633789062,95.18000030517578,96.44000244140625,29813200.0
2015-08-06,97.18000030517578,98.73999786376953,94.41999816894531,95.12000274658203,42271300.0
2015-08-07,95.37999725341797,95.4000015258789,93.61000061035156,94.30000305175781,23199100.0
2015-08-10,95.68000030517578,95.9000015258789,93.62999725341797,94.1500015258789,21624200.0
2015-08-11,93.7300033569336,94.76000213623047,92.9000015258789,93.62000274658203,22491000.0
2015-08-12,92.69999694824219,94.44000244140625,91.19000244140625,94.19000244140625,27050500.0
2015-08-13,94.05000305175781,94.7300033569336,93.3499984741211,93.43000030517578,17451800.0
2015-08-14,93.54000091552734,94.72000122070312,93.20999908447266,94.41999816894531,15929700.0
2015-08-17,94.41999816894531,94.45999908447266,93.38999938964844,93.93000030517578,18313500.0
2015-08-18,94.08000183105469,95.8499984741211,94.04000091552734,95.16999816894531,22278800.0
2015-08-19,94.62999725341797,96.0999984741211,94.16000366210938,95.30999755859375,23251300.0
2015-08-20,93.54000091552734,94.7699966430664,90.45999908447266,90.55999755859375,44598200.0
2015-08-21,87.5199966430664,89.18000030517578,85.61000061035156,86.05999755859375,62778700.0
2015-08-24,77.02999877929688,82.08999633789062,72.0,82.08999633789062,83710700.0
2015-08-25,86.94999694824219,87.66999816894531,83.0,83.0,52021200.0
2015-08-26,85.94999694824219,87.45999908447266,83.26000213623047,87.19000244140625,45124300.0
2015-08-27,89.0999984741211,90.05999755859375,87.19000244140625,89.7300033569336,42431400.0
2015-08-28,89.87999725341797,91.4800033569336,89.79000091552734,91.01000213623047,33215900.0
2015-08-31,90.5999984741211,91.05000305175781,88.88999938964844,89.43000030517578,32850700.0
2015-09-01,86.8499984741211,89.38999938964844,86.5,87.2300033569336,36097400.0
2015-09-02,88.80999755859375,89.88999938964844,87.62999725341797,89.88999938964844,27190500.0
2015-09-03,89.76000213623047,89.81999969482422,87.7300033569336,88.1500015258789,27048200.0
2015-09-04,87.19999694824219,88.38999938964844,86.69999694824219,88.26000213623047,27328700.0
2015-09-08,89.69000244140625,90.23999786376953,88.83000183105469,89.52999877929688,27012500.0
2015-09-09,90.77999877929688,91.9800033569336,90.16999816894531,90.44000244140625,32551100.0
2015-09-10,90.06999969482422,92.05999755859375,89.62999725341797,91.9800033569336,26437400.0
2015-09-11,91.68000030517578,92.08000183105469,91.12999725341797,92.05000305175781,21185000.0
2015-09-14,92.30999755859375,92.62000274658203,91.5999984741211,92.30999755859375,20127900.0
2015-09-15,92.37000274658203,93.25,91.79000091552734,92.9000015258789,18859400.0
2015-09-16,92.9000015258789,93.5999984741211,92.62999725341797,93.44999694824219,16321200.0
2015-09-17,93.37000274658203,95.51000213623047,92.9000015258789,94.33999633789062,27841800.0
2015-09-18,93.19999694824219,95.19000244140625,93.05000305175781,94.4000015258789,62300000.0
2015-09-21,94.62000274658203,96.48999786376953,94.5199966430664,95.55000305175781,28790000.0
2015-09-22,93.7699966430664,94.68000030517578,91.91999816894531,92.95999908447266,36888900.0
2015-09-23,93.4000015258789,94.31999969482422,92.80000305175781,93.97000122070312,21701400.0
2015-09-24,93.05999755859375,94.7699966430664,92.23999786376953,94.41000366210938,29106000.0
2015-09-25,95.79000091552734,95.8499984741211,92.05999755859375,92.7699966430664,28961600.0
2015-09-28,92.08000183105469,92.29000091552734,88.18000030517578,89.20999908447266,41199900.0
2015-09-29,89.0999984741211,90.05999755859375,85.72000122070312,86.66999816894531,42281800.0
2015-09-30,88.44000244140625,90.0199966430664,88.01000213623047,89.9000015258789,36169100.0
2015-10-01,90.05000305175781,90.94999694824219,88.36000061035156,90.94999694824219,29283700.0
2015-10-02,88.9000015258789,92.19999694824219,88.37000274658203,92.06999969482422,37881700.0
2015-10-05,92.94000244140625,94.2699966430664,92.66000366210938,94.01000213623047,27292500.0
2015-10-06,94.08000183105469,94.16999816894531,92.33999633789062,92.80000305175781,22172800.0
2015-10-07,93.11000061035156,93.66000366210938,91.37000274658203,92.4000015258789,24129300.0
2015-10-08,91.88999938964844,93.22000122070312,90.47000122070312,92.47000122070312,27290500.0
2015-10-09,92.9000015258789,93.73999786376953,92.23999786376953,93.23999786376953,20012900.0
2015-10-12,93.31999969482422,94.5999984741211,92.66999816894531,94.26000213623047,18449600.0
2015-10-13,93.66000366210938,95.37000274658203,93.55000305175781,94.12000274658203,19480300.0
2015-10-14,94.08000183105469,95.19999694824219,93.61000061035156,94.06999969482422,19253400.0
2015-10-15,94.98999786376953,96.30000305175781,94.9000015258789,95.95999908447266,27557500.0
2015-10-16,96.18000030517578,97.58999633789062,95.3499984741211,97.54000091552734,25412900.0
2015-10-19,97.18000030517578,98.56999969482422,96.91999816894531,98.47000122070312,23729900.0
2015-10-20,98.7300033569336,99.58999633789062,96.55999755859375,97.0,30881800.0
2015-10-21,97.37000274658203,98.18000030517578,96.47000122070312,97.11000061035156,21917800.0
2015-10-22,97.79000091552734,99.7300033569336,97.55000305175781,99.66999816894531,26392100.0
2015-10-23,101.91000366210938,102.8499984741211,100.16000366210938,102.19000244140625,42809700.0
2015-10-26,102.19999694824219,103.80999755859375,101.55000305175781,103.7699966430664,25961200.0
2015-10-27,102.94000244140625,104.0999984741211,102.4000015258789,103.69999694824219,23795500.0
2015-10-28,103.9000015258789,104.4800033569336,102.91999816894531,104.19999694824219,24081500.0
2015-10-29,103.95999908447266,105.12000274658203,103.5199966430664,104.87999725341797,20316700.0
2015-10-30,104.51000213623047,104.72000122070312,101.6500015258789,101.97000122070312,33487100.0
2015-11-02,101.72000122070312,103.47000122070312,101.18000030517578,103.30999755859375,24003900.0
2015-11-03,103.22000122070312,103.6500015258789,102.4000015258789,102.58000183105469,21242300.0
2015-11-04,103.19000244140625,104.13999938964844,102.4800033569336,103.94000244140625,43469300.0
2015-11-05,108.80000305175781,110.6500015258789,107.94999694824219,108.76000213623047,63232900.0
2015-11-06,108.04000091552734,108.73999786376953,105.91000366210938,107.0999984741211,35084300.0
2015-11-09,107.0,108.25,105.86000061035156,106.48999786376953,26383500.0
2015-11-10,105.95999908447266,108.1500015258789,105.23999786376953,107.91000366210938,25031700.0
2015-11-11,108.2699966430664,109.87000274658203,107.11000061035156,109.01000213623047,25057100.0
2015-11-12,108.4800033569336,109.38999938964844,108.0,108.0199966430664,20924700.0
2015-11-13,107.70999908447266,108.25,103.83000183105469,103.94999694824219,30278400.0
2015-11-16,103.31999969482422,104.16999816894531,100.47000122070312,104.04000091552734,49309200.0
2015-11-17,104.62000274658203,106.19999694824219,104.13999938964844,105.12999725341797,26807200.0
2015-11-18,105.80000305175781,107.87999725341797,105.38999938964844,107.7699966430664,23836500.0
2015-11-19,107.36000061035156,107.7300033569336,105.94999694824219,106.26000213623047,25520600.0
2015-11-20,106.83999633789062,107.87000274658203,106.62000274658203,107.31999969482422,22129600.0
2015-11-23,107.19000244140625,107.47000122070312,106.08000183105469,106.94999694824219,19897200.0
2015-11-24,106.0,106.48999786376953,104.38999938964844,105.73999786376953,23577300.0
2015-11-25,106.33000183105469,106.5999984741211,105.0999984741211,105.41000366210938,15150800.0
2015-11-27,105.77999877929688,105.95999908447266,104.86000061035156,105.44999694824219,5913100.0
2015-11-30,105.83999633789062,106.0999984741211,103.75,104.23999786376953,20383200.0
2015-12-01,104.83000183105469,107.1500015258789,104.5,107.12000274658203,22781900.0
2015-12-02,107.0,107.91999816894531,105.79000091552734,106.06999969482422,24429100.0
2015-12-03,106.2699966430664,106.8499984741211,103.3499984741211,104.37999725341797,23236500.0
2015-12-04,104.80999755859375,107.7300033569336,104.11000061035156,106.18000030517578,21224700.0
2015-12-07,106.4800033569336,106.83000183105469,104.66000366210938,105.61000061035156,15474900.0
2015-12-08,104.0,106.91000366210938,103.94999694824219,106.48999786376953,20401800.0
2015-12-09,106.18000030517578,106.44000244140625,103.55000305175781,104.5999984741211,23517300.0
2015-12-10,105.05000305175781,106.4000015258789,104.41000366210938,105.41999816894531,17454300.0
2015-12-11,104.1500015258789,104.33999633789062,101.91000366210938,102.12000274658203,26427700.0
2015-12-14,102.29000091552734,104.73999786376953,101.45999908447266,104.66000366210938,24648100.0
2015-12-15,105.30000305175781,105.80000305175781,104.27999877929688,104.55000305175781,21764300.0
2015-12-16,105.37000274658203,107.08999633789062,104.19000244140625,106.79000091552734,22680500.0
2015-12-17,107.48999786376953,107.75,106.12999725341797,106.22000122070312,21675700.0
2015-12-18,106.08000183105469,106.58999633789062,103.97000122070312,104.04000091552734,35994200.0
2015-12-21,104.91000366210938,105.1500015258789,103.5999984741211,104.7699966430664,16138800.0
2015-12-22,105.22000122070312,105.66000366210938,104.80999755859375,105.51000213623047,14597100.0
2015-12-23,105.88999938964844,106.11000061035156,103.86000061035156,104.62999725341797,19599700.0
2015-12-24,104.73999786376953,105.31999969482422,104.5,105.0199966430664,6501800.0
2015-12-28,105.0199966430664,105.9800033569336,104.52999877929688,105.93000030517578,13069700.0
2015-12-29,106.41999816894531,107.73999786376953,106.25,107.26000213623047,17179900.0
2015-12-30,107.0,107.25,106.05999755859375,106.22000122070312,13115000.0
2015-12-31,106.0,106.16999816894531,104.62000274658203,104.66000366210938,18391100.0
2016-01-04,101.94999694824219,102.23999786376953,99.75,102.22000122070312,37912400.0
2016-01-05,102.88999938964844,103.70999908447266,101.66999816894531,102.7300033569336,23258200.0
2016-01-06,101.12999725341797,103.7699966430664,100.9000015258789,102.97000122070312,25096200.0
2016-01-07,100.5,101.43000030517578,97.30000305175781,97.91999816894531,45172900.0
2016-01-08,99.87999725341797,100.5,97.02999877929688,97.33000183105469,35402300.0
2016-01-11,97.91000366210938,98.5999984741211,95.38999938964844,97.51000213623047,29932400.0
2016-01-12,99.0,99.95999908447266,97.55000305175781,99.37000274658203,28395400.0
2016-01-13,100.58000183105469,100.58000183105469,95.20999908447266,95.44000244140625,33410600.0
2016-01-14,95.8499984741211,98.87000274658203,92.44999694824219,98.37000274658203,48658600.0
2016-01-15,93.9800033569336,96.37999725341797,93.54000091552734,94.97000122070312,46132800.0
2016-01-19,96.52999877929688,97.41999816894531,93.91999816894531,95.26000213623047,30998300.0
2016-01-20,92.83000183105469,95.0,89.37000274658203,94.3499984741211,59051400.0
2016-01-21,94.91000366210938,95.98999786376953,92.62000274658203,94.16000366210938,30518900.0
2016-01-22,96.41000366210938,98.06999969482422,95.48999786376953,97.94000244140625,30495400.0
2016-01-25,98.72000122070312,99.4800033569336,96.93000030517578,97.01000213623047,32482000.0
2016-01-26,97.76000213623047,97.87999725341797,95.66000366210938,97.33999633789062,26877100.0
2016-01-27,97.79000091552734,97.8499984741211,94.2300033569336,94.44999694824219,58699400.0
2016-01-28,107.19999694824219,110.33999633789062,104.80999755859375,109.11000061035156,107475300.0
2016-01-29,108.98999786376953,112.83999633789062,108.83999633789062,112.20999908447266,62739500.0
2016-02-01,112.2699966430664,115.72000122070312,112.01000213623047,115.08999633789062,46132700.0
2016-02-02,114.80000305175781,117.58999633789062,113.19999694824219,114.61000061035156,59778600.0
2016-02-03,115.2699966430664,115.33999633789062,109.75,112.69000244140625,56919300.0
2016-02-04,111.80000305175781,111.94000244140625,109.25,110.48999786376953,38890200.0
2016-02-05,109.51000213623047,109.58000183105469,103.18000030517578,104.06999969482422,76894700.0
2016-02-08,100.41000366210938,102.68000030517578,97.45999908447266,99.75,71229700.0
2016-02-09,97.13999938964844,102.4000015258789,96.81999969482422,99.54000091552734,62709000.0
2016-02-10,101.55000305175781,103.25,100.23999786376953,101.0,45179400.0
2016-02-11,99.5999984741211,105.11000061035156,98.87999725341797,101.91000366210938,43670600.0
2016-02-12,103.73999786376953,104.23999786376953,101.08999633789062,102.01000213623047,36176800.0
2016-02-16,103.80000305175781,103.93000030517578,100.23999786376953,101.61000061035156,45687200.0
2016-02-17,102.0199966430664,105.72000122070312,100.4000015258789,105.19999694824219,44073400.0
2016-02-18,105.80000305175781,106.0,103.02999877929688,103.47000122070312,29593500.0
2016-02-19,102.55000305175781,105.0199966430664,102.05999755859375,104.56999969482422,32404500.0
2016-02-22,105.48999786376953,108.25,105.33999633789062,107.16000366210938,35709700.0
2016-02-23,106.8499984741211,107.47000122070312,105.12000274658203,105.45999908447266,25319300.0
2016-02-24,104.20999908447266,106.94999694824219,102.73999786376953,106.87999725341797,34412400.0
2016-02-25,107.11000061035156,108.06999969482422,105.61000061035156,108.06999969482422,29906300.0
2016-02-26,108.69999694824219,109.44999694824219,107.16000366210938,107.91999816894531,26686200.0
2016-02-29,107.5999984741211,108.91000366210938,106.75,106.91999816894531,32779000.0
2016-03-01,107.83000183105469,109.81999969482422,107.5999984741211,109.81999969482422,26817300.0
2016-03-02,109.68000030517578,110.55000305175781,108.7699966430664,109.94999694824219,25670200.0
2016-03-03,110.25,110.30000305175781,108.54000091552734,109.58000183105469,21353100.0
2016-03-04,110.05000305175781,110.05000305175781,107.93000030517578,108.38999938964844,24938900.0
2016-03-07,108.06999969482422,108.06999969482422,104.72000122070312,105.7300033569336,31436400.0
2016-03-08,104.77999877929688,107.37000274658203,104.4000015258789,105.93000030517578,25617000.0
2016-03-09,106.69999694824219,107.51000213623047,105.48999786376953,107.51000213623047,20493300.0
2016-03-10,107.91000366210938,108.66000366210938,105.7699966430664,107.31999969482422,24854300.0
2016-03-11,108.4800033569336,109.41999816894531,107.91999816894531,109.41000366210938,20697600.0
2016-03-14,109.27999877929688,110.33000183105469,108.7699966430664,109.88999938964844,17249400.0
2016-03-15,109.11000061035156,110.83000183105469,108.83999633789062,110.66999816894531,17618500.0
2016-03-16,110.48999786376953,112.5,110.0999984741211,112.18000030517578,24744800.0
2016-03-17,112.1500015258789,112.69000244140625,110.7300033569336,111.0199966430664,24241200.0
2016-03-18,111.55999755859375,112.41999816894531,110.2699966430664,111.44999694824219,36256900.0
2016-03-21,111.66000366210938,112.37000274658203,111.02999877929688,111.8499984741211,18448000.0
2016-03-22,111.36000061035156,112.87999725341797,111.16999816894531,112.25,19001100.0
2016-03-23,112.01000213623047,113.19000244140625,112.0,112.54000091552734,18562000.0
2016-03-24,112.12999725341797,113.08999633789062,111.68000030517578,113.05000305175781,17839100.0
2016-03-28,113.31999969482422,114.58999633789062,112.94999694824219,113.69000244140625,21351800.0
2016-03-29,113.83000183105469,116.31999969482422,113.63999938964844,116.13999938964844,29825300.0
2016-03-30,116.7300033569336,116.98999786376953,114.36000061035156,114.69999694824219,33235200.0
2016-03-31,114.69999694824219,115.01000213623047,113.7699966430664,114.0999984741211,21207500.0
2016-04-01,113.75,116.16999816894531,113.3499984741211,116.05999755859375,24760500.0
2016-04-04,114.06999969482422,114.55000305175781,111.61000061035156,112.55000305175781,48487900.0
2016-04-05,112.11000061035156,113.31999969482422,111.9000015258789,112.22000122070312,22962400.0
2016-04-06,112.47000122070312,113.80999755859375,112.41999816894531,113.70999908447266,20814600.0
2016-04-07,113.79000091552734,114.88999938964844,113.06999969482422,113.63999938964844,20714500.0
2016-04-08,114.25,114.33000183105469,109.9000015258789,110.62999725341797,48497800.0
2016-04-11,110.69999694824219,110.91000366210938,108.7699966430664,108.98999786376953,39762300.0
2016-04-12,109.33999633789062,111.16000366210938,108.98999786376953,110.61000061035156,26248100.0
2016-04-13,112.2300033569336,112.6500015258789,106.5199966430664,110.51000213623047,88227400.0
2016-04-14,110.62000274658203,112.04000091552734,110.26000213623047,110.83999633789062,28473300.0
2016-04-15,110.79000091552734,110.97000122070312,109.19999694824219,109.63999938964844,20922800.0
2016-04-18,109.73999786376953,110.80999755859375,109.19999694824219,110.44999694824219,21167200.0
2016-04-19,111.0999984741211,112.44999694824219,109.16000366210938,112.29000091552734,30210500.0
2016-04-20,112.43000030517578,113.2699966430664,111.55999755859375,112.41999816894531,21027900.0
2016-04-21,112.55000305175781,114.04000091552734,112.30999755859375,113.44000244140625,20875200.0
2016-04-22,111.20999908447266,111.75,109.01000213623047,110.55999755859375,38458200.0
2016-04-25,109.87000274658203,110.66999816894531,109.06999969482422,110.0999984741211,21017900.0
2016-04-26,110.48999786376953,110.5,108.1500015258789,108.76000213623047,22521500.0
2016-04-27,107.94000244140625,108.94000244140625,106.30999755859375,108.88999938964844,52213100.0
2016-04-28,119.58000183105469,120.79000091552734,116.2300033569336,116.7300033569336,87110100.0
2016-04-29,116.81999969482422,117.83999633789062,115.83999633789062,117.58000183105469,37140600.0
2016-05-02,117.83000183105469,118.7300033569336,116.56999969482422,118.56999969482422,28095200.0
2016-05-03,117.5199966430664,118.16000366210938,117.0199966430664,117.43000030517578,24117500.0
2016-05-04,116.61000061035156,118.30000305175781,116.56999969482422,118.05999755859375,23448400.0
2016-05-05,118.04000091552734,118.9800033569336,117.25,117.80999755859375,22056700.0
2016-05-06,117.16000366210938,119.63999938964844,117.11000061035156,119.48999786376953,26395600.0
2016-05-09,119.54000091552734,120.27999877929688,118.9000015258789,119.23999786376953,21138100.0
2016-05-10,119.62000274658203,120.5,119.0,120.5,23220000.0
2016-05-11,120.41000366210938,121.08000183105469,119.41999816894531,119.5199966430664,22038400.0
2016-05-12,119.9800033569336,120.83999633789062,118.9000015258789,120.27999877929688,22035500.0
2016-05-13,120.37999725341797,120.63999938964844,119.68000030517578,119.80999755859375,18124300.0
2016-05-16,119.37999725341797,119.61000061035156,117.3499984741211,118.66999816894531,31247800.0
2016-05-17,118.81999969482422,119.01000213623047,117.19999694824219,117.3499984741211,21328600.0
2016-05-18,116.80000305175781,118.2699966430664,116.7300033569336,117.6500015258789,21642300.0
2016-05-19,117.05000305175781,117.48999786376953,115.87999725341797,116.80999755859375,20544100.0
2016-05-20,116.95999908447266,117.98999786376953,116.94999694824219,117.3499984741211,18944800.0
2016-05-23,117.41999816894531,117.5999984741211,115.94000244140625,115.97000122070312,20441000.0
2016-05-24,116.23999786376953,117.7300033569336,116.12000274658203,117.69999694824219,20183600.0
2016-05-25,118.12999725341797,118.66999816894531,117.37999725341797,117.88999938964844,20019800.0
2016-05-26,118.23999786376953,119.76000213623047,117.91999816894531,119.47000122070312,18481300.0
2016-05-27,119.55999755859375,119.8499984741211,119.01000213623047,119.37999725341797,13493600.0
2016-05-31,119.45999908447266,120.0999984741211,118.12000274658203,118.80999755859375,23547600.0
2016-06-01,118.5,119.08000183105469,117.81999969482422,118.77999877929688,15029500.0
2016-06-02,118.69000244140625,119.44000244140625,118.22000122070312,118.93000030517578,13228300.0
2016-06-03,118.9800033569336,118.9800033569336,117.86000061035156,118.47000122070312,14135100.0
2016-06-06,118.62000274658203,119.43000030517578,118.36000061035156,118.79000091552734,12744700.0
2016-06-07,119.23999786376953,119.30000305175781,117.66999816894531,117.76000213623047,17103000.0
2016-06-08,117.76000213623047,118.5999984741211,117.2699966430664,118.38999938964844,14505600.0
2016-06-09,118.12999725341797,118.68000030517578,117.70999908447266,118.55999755859375,13859200.0
2016-06-10,117.54000091552734,118.11000061035156,116.26000213623047,116.62000274658203,18510800.0
2016-06-13,115.0,115.4800033569336,113.30999755859375,113.94999694824219,31718200.0
2016-06-14,114.06999969482422,114.94999694824219,113.58000183105469,114.94000244140625,17618500.0
2016-06-15,115.30000305175781,115.44000244140625,114.06999969482422,114.5999984741211,19819400.0
2016-06-16,113.87000274658203,114.5,112.94000244140625,114.38999938964844,19236300.0
2016-06-17,114.41999816894531,114.43000030517578,112.55999755859375,113.0199966430664,24644300.0
2016-06-20,113.7699966430664,114.72000122070312,112.75,113.37000274658203,20785400.0
2016-06-21,114.12000274658203,115.20999908447266,113.97000122070312,114.37999725341797,19166300.0
2016-06-22,114.6500015258789,114.73999786376953,113.61000061035156,113.91000366210938,14846300.0
2016-06-23,114.37000274658203,115.08999633789062,113.54000091552734,115.08000183105469,16176900.0
2016-06-24,111.01000213623047,113.68000030517578,111.0,112.08000183105469,40643100.0
2016-06-27,111.56999969482422,111.56999969482422,108.2300033569336,108.97000122070312,36130400.0
2016-06-28,110.62999725341797,112.75,110.55000305175781,112.69999694824219,26813800.0
2016-06-29,113.37000274658203,114.25,113.04000091552734,114.16000366210938,20968300.0
2016-06-30,114.66999816894531,115.18000030517578,113.66999816894531,114.27999877929688,23192700.0
2016-07-01,114.19999694824219,115.12999725341797,113.80999755859375,114.19000244140625,14980000.0
2016-07-05,113.94000244140625,114.19999694824219,112.97000122070312,114.19999694824219,14207000.0
2016-07-06,113.36000061035156,116.79000091552734,112.97000122070312,116.69999694824219,24337600.0
2016-07-07,116.62999725341797,116.97000122070312,115.36000061035156,115.8499984741211,16630200.0
2016-07-08,116.43000030517578,117.5,115.8499984741211,117.23999786376953,18142600.0
2016-07-11,117.70999908447266,118.69999694824219,117.5,117.87000274658203,17711600.0
2016-07-12,118.62999725341797,118.72000122070312,117.56999969482422,117.93000030517578,15217700.0
2016-07-13,118.38999938964844,118.4000015258789,116.68000030517578,116.77999877929688,16207700.0
2016-07-14,117.5,117.63999938964844,116.69999694824219,117.29000091552734,14579700.0
2016-07-15,117.73999786376953,118.27999877929688,116.58000183105469,116.86000061035156,16646000.0
2016-07-18,117.31999969482422,119.61000061035156,116.88999938964844,119.37000274658203,20868400.0
2016-07-19,118.98999786376953,120.8499984741211,118.66000366210938,120.61000061035156,21541300.0
2016-07-20,121.25,122.19999694824219,120.55999755859375,121.91999816894531,20046500.0
2016-07-21,121.91999816894531,122.0999984741211,120.25,120.61000061035156,17801700.0
2016-07-22,119.9000015258789,121.01000213623047,119.30999755859375,121.0,18422400.0
2016-07-25,121.38999938964844,121.8499984741211,117.77999877929688,121.62999725341797,18487400.0
2016-07-26,122.0,122.06999969482422,120.75,121.22000122070312,17612000.0
2016-07-27,122.41999816894531,125.0,121.51000213623047,123.33999633789062,52654200.0
2016-07-28,127.5199966430664,128.3300018310547,123.62999725341797,125.0,78955800.0
2016-07-29,124.6500015258789,125.83999633789062,123.70999908447266,123.94000244140625,35058800.0
2016-08-01,123.8499984741211,124.58000183105469,122.86000061035156,124.30999755859375,25006900.0
2016-08-02,124.05999755859375,124.80000305175781,122.06999969482422,123.08999633789062,23968400.0
2016-08-03,123.08999633789062,123.91999816894531,122.30999755859375,122.51000213623047,18525300.0
2016-08-04,122.94000244140625,124.79000091552734,122.51000213623047,124.36000061035156,21066000.0
2016-08-05,124.9800033569336,125.83999633789062,124.62000274658203,125.1500015258789,20184000.0
2016-08-08,125.25,125.44999694824219,124.55000305175781,125.26000213623047,15233900.0
2016-08-09,125.33999633789062,126.08999633789062,124.52999877929688,125.05999755859375,19621000.0
2016-08-10,125.06999969482422,125.4800033569336,124.54000091552734,124.87999725341797,10670100.0
2016-08-11,125.19999694824219,125.37999725341797,124.75,124.9000015258789,11729500.0
2016-08-12,124.69999694824219,125.0,124.18000030517578,124.87999725341797,12159000.0
2016-08-15,124.91000366210938,124.91999816894531,123.69999694824219,123.9000015258789,19295100.0
2016-08-16,123.5,123.91999816894531,122.77999877929688,123.30000305175781,14222400.0
2016-08-17,123.66000366210938,124.37999725341797,122.8499984741211,124.37000274658203,13794200.0
2016-08-18,124.01000213623047,124.26000213623047,123.63999938964844,123.91000366210938,12400800.0
2016-08-19,123.5999984741211,124.16000366210938,123.27999877929688,123.55999755859375,11688300.0
2016-08-22,123.33000183105469,124.83000183105469,123.11000061035156,124.1500015258789,14386400.0
2016-08-23,124.51000213623047,125.08999633789062,124.25,124.37000274658203,13309500.0
2016-08-24,124.47000122070312,124.69000244140625,123.08999633789062,123.4800033569336,12243700.0
2016-08-25,123.12000274658203,124.37000274658203,123.0999984741211,123.88999938964844,10730800.0
2016-08-26,124.05000305175781,125.19000244140625,123.91000366210938,124.95999908447266,17504800.0
2016-08-29,124.3499984741211,126.7300033569336,124.3499984741211,126.54000091552734,15925900.0
2016-08-30,126.5999984741211,126.5999984741211,125.1500015258789,125.83999633789062,17804300.0
2016-08-31,125.5999984741211,126.22000122070312,125.0999984741211,126.12000274658203,14200600.0
2016-09-01,126.37999725341797,126.62999725341797,125.5999984741211,126.16999816894531,13536100.0
2016-09-02,126.8499984741211,126.86000061035156,126.0,126.51000213623047,12118800.0
2016-09-06,126.66999816894531,129.94000244140625,126.47000122070312,129.72999572753906,26278400.0
2016-09-07,130.0399932861328,131.97999572753906,129.9499969482422,131.0500030517578,27990800.0
2016-09-08,130.9199981689453,131.0800018310547,129.80999755859375,130.27000427246094,15676600.0
2016-09-09,129.7100067138672,129.9499969482422,127.0999984741211,127.0999984741211,27100700.0
2016-09-12,125.95999908447266,128.75999450683594,125.75,128.69000244140625,21252800.0
2016-09-13,128.02999877929688,128.35000610351562,126.66000366210938,127.20999908447266,18016200.0
2016-09-14,126.88999938964844,128.8000030517578,126.88999938964844,127.7699966430664,15691100.0
2016-09-15,127.9800033569336,129.10000610351562,127.66999816894531,128.35000610351562,15077200.0
2016-09-16,128.1999969482422,129.17999267578125,128.1999969482422,129.07000732421875,24119200.0
2016-09-19,129.91000366210938,129.94000244140625,128.25999450683594,128.64999389648438,14958800.0
2016-09-20,128.64999389648438,129.1699981689453,128.02999877929688,128.63999938964844,11083800.0
2016-09-21,129.1300048828125,130.00999450683594,128.38999938964844,129.94000244140625,14068300.0
2016-09-22,130.5,130.72999572753906,129.55999755859375,130.0800018310547,15538300.0
2016-09-23,127.55999755859375,128.60000610351562,127.30000305175781,127.95999908447266,28326300.0
2016-09-26,127.37000274658203,128.16000366210938,126.80000305175781,127.30999755859375,15064900.0
2016-09-27,127.61000061035156,129.00999450683594,127.43000030517578,128.69000244140625,15637100.0
2016-09-28,129.2100067138672,129.47000122070312,128.39999389648438,129.22999572753906,12047600.0
2016-09-29,129.17999267578125,129.2899932861328,127.55000305175781,128.08999633789062,14532200.0
2016-09-30,128.02999877929688,128.58999633789062,127.44999694824219,128.27000427246094,18402900.0
2016-10-03,128.3800048828125,129.08999633789062,127.80000305175781,128.77000427246094,13156900.0
2016-10-04,129.1699981689453,129.27999877929688,127.55000305175781,128.19000244140625,14307500.0
2016-10-05,128.25,128.8000030517578,127.83000183105469,128.47000122070312,12386800.0
2016-10-06,128.42999267578125,129.05999755859375,128.0800018310547,128.74000549316406,11682700.0
2016-10-07,129.0399932861328,129.25,128.3300018310547,128.99000549316406,12804400.0
2016-10-10,129.67999267578125,130.6999969482422,129.1999969482422,130.24000549316406,15138700.0
2016-10-11,130.22999572753906,130.63999938964844,128.22999572753906,128.8800048828125,17537900.0
2016-10-12,129.00999450683594,129.66000366210938,128.4600067138672,129.0500030517578,11073000.0
2016-10-13,128.2100067138672,128.25,126.75,127.81999969482422,17139300.0
2016-10-14,128.49000549316406,128.9499969482422,127.58000183105469,127.87999725341797,13345300.0
2016-10-17,128.1999969482422,128.47000122070312,127.31999969482422,127.54000091552734,11351700.0
2016-10-18,128.67999267578125,129.38999938964844,128.00999450683594,128.57000732421875,13504000.0
2016-10-19,128.74000549316406,130.47000122070312,128.60000610351562,130.11000061035156,16752300.0
2016-10-20,130.07000732421875,130.66000366210938,129.5,130.0,13167500.0
2016-10-21,129.77999877929688,132.1300048828125,129.6999969482422,132.07000732421875,19088800.0
2016-10-24,132.72000122070312,133.41000366210938,132.14999389648438,133.27999877929688,17470200.0
2016-10-25,133.5,133.5,132.22000122070312,132.2899932861328,13336800.0
2016-10-26,131.63999938964844,132.25999450683594,130.94000244140625,131.0399932861328,13084700.0
2016-10-27,131.74000549316406,131.8000030517578,129.27000427246094,129.69000244140625,16741400.0
2016-10-28,130.5,132.97000122070312,129.92999267578125,131.2899932861328,24545500.0
2016-10-31,132.00999450683594,132.1199951171875,130.8800048828125,130.99000549316406,15669000.0
2016-11-01,131.41000366210938,131.94000244140625,128.64999389648438,129.5,22077800.0
2016-11-02,130.22999572753906,130.22999572753906,126.27999877929688,127.16999816894531,39640900.0
2016-11-03,122.0,123.27999877929688,119.5,120.0,63766300.0
2016-11-04,119.58999633789062,121.93000030517578,119.25,120.75,30545500.0
2016-11-07,122.83000183105469,123.20999908447266,121.3499984741211,122.1500015258789,23008900.0
2016-11-08,122.02999877929688,124.61000061035156,121.54000091552734,124.22000122070312,19460800.0
2016-11-09,121.5,123.80999755859375,120.51000213623047,123.18000030517578,31916000.0
2016-11-10,123.93000030517578,124.18000030517578,115.2699966430664,120.80000305175781,67846700.0
2016-11-11,119.52999877929688,120.69999694824219,118.1500015258789,119.0199966430664,32840100.0
2016-11-14,119.12999725341797,119.12999725341797,113.55000305175781,115.08000183105469,51377000.0
2016-11-15,116.7300033569336,118.48999786376953,115.83000183105469,117.19999694824219,34681400.0
2016-11-16,114.4800033569336,117.87999725341797,114.20999908447266,116.33999633789062,32397900.0
2016-11-17,116.80999755859375,117.79000091552734,116.01000213623047,117.79000091552734,18597800.0
2016-11-18,118.38999938964844,119.12999725341797,116.83999633789062,117.0199966430664,22879300.0
2016-11-21,118.19999694824219,121.94999694824219,117.80000305175781,121.7699966430664,35415400.0
2016-11-22,122.4000015258789,122.9800033569336,120.9000015258789,121.47000122070312,26089200.0
2016-11-23,121.2300033569336,121.30999755859375,119.94000244140625,120.83999633789062,15672100.0
2016-11-25,121.01000213623047,121.13999938964844,120.06999969482422,120.37999725341797,8658600.0
2016-11-28,120.12000274658203,121.69000244140625,119.81999969482422,120.41000366210938,18101300.0
2016-11-29,120.56999969482422,122.0999984741211,120.4000015258789,120.87000274658203,18891000.0
2016-11-30,120.31999969482422,121.79000091552734,117.94999694824219,118.41999816894531,30188900.0
2016-12-01,118.37999725341797,118.44999694824219,114.0,115.0999984741211,43277000.0
2016-12-02,115.11000061035156,116.4800033569336,114.30000305175781,115.4000015258789,25070400.0
2016-12-05,115.94999694824219,117.56999969482422,115.06999969482422,117.43000030517578,20201500.0
2016-12-06,117.69000244140625,117.80000305175781,116.33000183105469,117.30999755859375,19131200.0
2016-12-07,117.0,117.94999694824219,116.56999969482422,117.94999694824219,21913700.0
2016-12-08,117.9800033569336,119.5,117.63999938964844,118.91000366210938,22442800.0
2016-12-09,119.22000122070312,119.94000244140625,118.94999694824219,119.68000030517578,17464700.0
2016-12-12,119.22000122070312,119.23999786376953,117.6500015258789,117.7699966430664,17805500.0
2016-12-13,117.86000061035156,121.5199966430664,117.61000061035156,120.30999755859375,29768000.0
2016-12-14,120.0,121.69000244140625,118.8499984741211,120.20999908447266,25913100.0
2016-12-15,120.08000183105469,122.5,119.62999725341797,120.56999969482422,20139600.0
2016-12-16,120.9000015258789,121.5,119.2699966430664,119.87000274658203,25324300.0
2016-12-19,119.8499984741211,120.36000061035156,118.51000213623047,119.23999786376953,15918100.0
2016-12-20,119.5,119.7699966430664,118.80000305175781,119.08999633789062,13684400.0
2016-12-21,118.91999816894531,119.19999694824219,118.4800033569336,119.04000091552734,10767600.0
2016-12-22,118.86000061035156,118.98999786376953,116.93000030517578,117.4000015258789,16258600.0
2016-12-23,117.0,117.55999755859375,116.30000305175781,117.2699966430664,10890000.0
2016-12-27,116.95999908447266,118.68000030517578,116.86000061035156,118.01000213623047,12051500.0
2016-12-28,118.19000244140625,118.25,116.6500015258789,116.91999816894531,12087400.0
2016-12-29,117.0,117.52999877929688,116.05999755859375,116.3499984741211,9934900.0
2016-12-30,116.5999984741211,116.83000183105469,114.7699966430664,115.05000305175781,18684100.0
2017-01-03,116.02999877929688,117.83999633789062,115.51000213623047,116.86000061035156,20663900.0
2017-01-04,117.55000305175781,119.66000366210938,117.29000091552734,118.69000244140625,19630900.0
2017-01-05,118.86000061035156,120.94999694824219,118.31999969482422,120.66999816894531,19492200.0
2017-01-06,120.9800033569336,123.87999725341797,120.02999877929688,123.41000366210938,28545300.0
2017-01-09,123.55000305175781,125.43000030517578,123.04000091552734,124.9000015258789,22880400.0
2017-01-10,124.81999969482422,125.5,124.27999877929688,124.3499984741211,17324600.0
2017-01-11,124.3499984741211,126.12000274658203,124.05999755859375,126.08999633789062,18356500.0
2017-01-12,125.61000061035156,126.7300033569336,124.80000305175781,126.62000274658203,18653900.0
2017-01-13,127.48999786376953,129.27000427246094,127.37000274658203,128.33999633789062,24884300.0
2017-01-17,128.0399932861328,128.33999633789062,127.4000015258789,127.87000274658203,15294500.0
2017-01-18,128.41000366210938,128.42999267578125,126.83999633789062,127.91999816894531,13145900.0
2017-01-19,128.22999572753906,128.35000610351562,127.44999694824219,127.55000305175781,12195500.0
2017-01-20,128.10000610351562,128.47999572753906,126.77999877929688,127.04000091552734,19097200.0
2017-01-23,127.30999755859375,129.25,126.94999694824219,128.92999267578125,16593600.0
2017-01-24,129.3800048828125,129.89999389648438,128.3800048828125,129.3699951171875,15162700.0
2017-01-25,130.0,131.74000549316406,129.77000427246094,131.47999572753906,18731300.0
2017-01-26,131.6300048828125,133.13999938964844,131.44000244140625,132.77999877929688,20020100.0
2017-01-27,132.67999267578125,132.9499969482422,131.0800018310547,132.17999267578125,19539500.0
2017-01-30,131.5800018310547,131.5800018310547,129.60000610351562,130.97999572753906,18956100.0
2017-01-31,130.1699981689453,130.66000366210938,129.52000427246094,130.32000732421875,19790500.0
2017-02-01,132.25,133.49000549316406,130.67999267578125,133.22999572753906,50139800.0
2017-02-02,133.22000122070312,135.49000549316406,130.39999389648438,130.83999633789062,54366400.0
2017-02-03,131.24000549316406,132.85000610351562,130.75999450683594,130.97999572753906,24804900.0
2017-02-06,130.97999572753906,132.05999755859375,130.3000030517578,132.05999755859375,17058500.0
2017-02-07,132.24000549316406,133.0,131.66000366210938,131.83999633789062,14596400.0
2017-02-08,132.60000610351562,134.44000244140625,132.44000244140625,134.1999969482422,22390600.0
2017-02-09,134.49000549316406,134.5,133.30999755859375,134.13999938964844,16470600.0
2017-02-10,134.10000610351562,134.94000244140625,133.67999267578125,134.19000244140625,15061900.0
2017-02-13,134.6999969482422,134.6999969482422,133.6999969482422,134.0500030517578,13526200.0
2017-02-14,134.10000610351562,134.22999572753906,132.5500030517578,133.85000610351562,14364900.0
2017-02-15,133.4499969482422,133.6999969482422,132.66000366210938,133.44000244140625,13226500.0
2017-02-16,133.07000732421875,133.8699951171875,133.02000427246094,133.83999633789062,12831100.0
2017-02-17,133.5,134.08999633789062,133.1699981689453,133.52999877929688,12276500.0
2017-02-21,133.5,133.91000366210938,132.89999389648438,133.72000122070312,14759100.0
2017-02-22,133.60000610351562,136.7899932861328,133.4600067138672,136.1199951171875,27360100.0
2017-02-23,135.88999938964844,136.1199951171875,134.3300018310547,135.36000061035156,18422500.0
2017-02-24,134.16000366210938,135.6199951171875,134.16000366210938,135.44000244140625,12625700.0
2017-02-27,135.25999450683594,137.17999267578125,135.02000427246094,136.41000366210938,14306700.0
2017-02-28,136.7899932861328,136.80999755859375,134.75,135.5399932861328,16112100.0
2017-03-01,136.47000122070312,137.47999572753906,136.3000030517578,137.4199981689453,16257000.0
2017-03-02,137.08999633789062,137.82000732421875,136.30999755859375,136.75999450683594,12294800.0
2017-03-03,136.6300048828125,137.3300018310547,136.0800018310547,137.1699981689453,11160600.0
2017-03-06,136.8800048828125,137.8300018310547,136.50999450683594,137.4199981689453,12748200.0
2017-03-07,137.02999877929688,138.3699951171875,136.99000549316406,137.3000030517578,13527100.0
2017-03-08,137.14999389648438,137.99000549316406,137.0500030517578,137.72000122070312,10184500.0
2017-03-09,137.72000122070312,138.57000732421875,137.39999389648438,138.24000549316406,15535300.0
2017-03-10,138.91000366210938,139.49000549316406,138.22000122070312,138.7899932861328,16314100.0
2017-03-13,138.7100067138672,139.67999267578125,138.6699981689453,139.60000610351562,10955500.0
2017-03-14,139.4600067138672,139.4600067138672,138.52000427246094,139.32000732421875,12944000.0
2017-03-15,139.2899932861328,140.10000610351562,138.49000549316406,139.72000122070312,19344800.0
2017-03-16,140.1999969482422,140.25,139.72999572753906,139.99000549316406,13612900.0
2017-03-17,140.33999633789062,140.33999633789062,139.6999969482422,139.83999633789062,20592800.0
2017-03-20,139.7100067138672,140.19000244140625,139.25,139.94000244140625,12099500.0
2017-03-21,141.14999389648438,142.30999755859375,138.39999389648438,138.50999450683594,29894800.0
2017-03-22,137.92999267578125,139.7899932861328,137.60000610351562,139.58999633789062,17055400.0
2017-03-23,139.47999572753906,140.38999938964844,139.08999633789062,139.52999877929688,13022800.0
2017-03-24,140.0800018310547,141.02000427246094,139.75999450683594,140.33999633789062,16664700.0
2017-03-27,139.0500030517578,140.64999389648438,138.77000427246094,140.32000732421875,12800500.0
2017-03-28,140.36000061035156,141.9499969482422,140.00999450683594,141.75999450683594,14679400.0
2017-03-29,141.99000549316406,142.86000061035156,141.42999267578125,142.64999389648438,16527600.0
2017-03-30,142.39999389648438,142.9499969482422,141.85000610351562,142.41000366210938,12404000.0
2017-03-31,142.30999755859375,142.6300048828125,141.88999938964844,142.0500030517578,11478300.0
2017-04-03,141.92999267578125,142.47000122070312,140.82000732421875,142.27999877929688,13564000.0
2017-04-04,141.86000061035156,142.08999633789062,141.27000427246094,141.72999572753906,12948600.0
2017-04-05,142.25999450683594,143.44000244140625,141.2899932861328,141.85000610351562,17158100.0
2017-04-06,142.11000061035156,142.22000122070312,140.91000366210938,141.1699981689453,15103400.0
2017-04-07,141.1999969482422,141.5500030517578,140.24000549316406,140.77999877929688,11818300.0
2017-04-10,141.0,141.42999267578125,140.6300048828125,141.0399932861328,9039400.0
2017-04-11,140.8000030517578,141.02999877929688,138.80999755859375,139.9199981689453,16638100.0
2017-04-12,139.72000122070312,140.39999389648438,139.44000244140625,139.5800018310547,11612500.0
2017-04-13,139.6199951171875,140.5800018310547,139.3300018310547,139.38999938964844,10965600.0
2017-04-17,139.75999450683594,141.5500030517578,139.75,141.4199981689453,11519700.0
2017-04-18,141.27000427246094,141.91000366210938,140.61000061035156,140.9600067138672,14807500.0
2017-04-19,141.35000610351562,143.0399932861328,141.27000427246094,142.27000427246094,15563900.0
2017-04-20,142.9499969482422,144.25,142.69000244140625,143.8000030517578,15968200.0
2017-04-21,143.89999389648438,144.1699981689453,142.27000427246094,143.67999267578125,12382000.0
2017-04-24,144.9600067138672,145.6699981689453,144.33999633789062,145.47000122070312,14407200.0
2017-04-25,145.7899932861328,147.14999389648438,145.7899932861328,146.49000549316406,17767500.0
2017-04-26,147.08999633789062,147.58999633789062,146.08999633789062,146.55999755859375,12395000.0
2017-04-27,146.6699981689453,147.75,146.13999938964844,147.6999969482422,11275100.0
2017-04-28,149.5,151.52999877929688,149.07000732421875,150.25,30652200.0
2017-05-01,151.74000549316406,152.57000732421875,151.4199981689453,152.4600067138672,25218300.0
2017-05-02,153.33999633789062,153.44000244140625,151.66000366210938,152.77999877929688,21870400.0
2017-05-03,153.60000610351562,153.60000610351562,151.33999633789062,151.8000030517578,29782500.0
2017-05-04,150.1699981689453,151.52000427246094,148.72000122070312,150.85000610351562,36225500.0
2017-05-05,151.4499969482422,151.6300048828125,149.7899932861328,150.24000549316406,17148500.0
2017-05-08,150.7100067138672,151.0800018310547,149.74000549316406,151.05999755859375,15827500.0
2017-05-09,151.49000549316406,152.58999633789062,150.2100067138672,150.47999572753906,17453900.0
2017-05-10,150.22999572753906,150.52000427246094,148.86000061035156,150.2899932861328,12080700.0
2017-05-11,150.30999755859375,150.64999389648438,149.41000366210938,150.0399932861328,11841900.0
2017-05-12,150.39999389648438,150.4600067138672,149.6300048828125,150.3300018310547,9598200.0
2017-05-15,150.1699981689453,151.47999572753906,149.77000427246094,150.19000244140625,15064700.0
2017-05-16,150.11000061035156,150.2100067138672,149.02999877929688,149.77999877929688,14550800.0
2017-05-17,148.0,148.6699981689453,144.4199981689453,144.85000610351562,28300100.0
2017-05-18,144.72000122070312,148.14999389648438,144.50999450683594,147.66000366210938,23031600.0
2017-05-19,148.4499969482422,149.38999938964844,147.9600067138672,148.05999755859375,16187900.0
2017-05-22,148.0800018310547,148.58999633789062,147.69000244140625,148.24000549316406,12586700.0
2017-05-23,148.52000427246094,148.80999755859375,147.25,148.07000732421875,12817800.0
2017-05-24,148.50999450683594,150.22999572753906,148.4199981689453,150.0399932861328,17862400.0
2017-05-25,150.3000030517578,152.58999633789062,149.9499969482422,151.9600067138672,19891400.0
2017-05-26,152.22999572753906,152.25,151.14999389648438,152.1300048828125,14996200.0
2017-05-30,151.97000122070312,152.89999389648438,151.63999938964844,152.3800048828125,13226000.0
2017-05-31,152.6999969482422,153.35000610351562,151.08999633789062,151.4600067138672,18023900.0
2017-06-01,151.75,152.2899932861328,150.3000030517578,151.52999877929688,14530600.0
2017-06-02,151.85000610351562,153.6300048828125,151.3000030517578,153.61000061035156,16854400.0
2017-06-05,153.63999938964844,154.7100067138672,153.41000366210938,153.6300048828125,12520400.0
2017-06-06,153.41000366210938,154.52000427246094,152.47999572753906,152.80999755859375,13457100.0
2017-06-07,153.27000427246094,153.75,152.33999633789062,153.1199951171875,12066700.0
2017-06-08,154.0800018310547,154.72999572753906,153.10000610351562,154.7100067138672,17799400.0
2017-06-09,154.77000427246094,155.58999633789062,146.61000061035156,149.60000610351562,35577700.0
2017-06-12,148.1699981689453,149.1999969482422,144.55999755859375,148.44000244140625,33170200.0
2017-06-13,150.14999389648438,151.17999267578125,148.89999389648438,150.67999267578125,20483400.0
2017-06-14,151.25999450683594,152.39999389648438,149.0500030517578,150.25,20808800.0
2017-06-15,147.6699981689453,150.0399932861328,146.3699951171875,149.8000030517578,18994200.0
2017-06-16,149.58999633789062,150.8300018310547,148.60000610351562,150.63999938964844,22882400.0
2017-06-19,151.7100067138672,153.57000732421875,151.7100067138672,152.8699951171875,19026500.0
2017-06-20,152.8800048828125,153.83999633789062,152.2100067138672,152.25,14743900.0
2017-06-21,152.36000061035156,154.0800018310547,151.8800048828125,153.91000366210938,15039800.0
2017-06-22,153.00999450683594,154.5500030517578,152.91000366210938,153.39999389648438,13005500.0
2017-06-23,152.72000122070312,155.1999969482422,152.64999389648438,155.07000732421875,18027000.0
2017-06-26,156.25,156.5,153.1999969482422,153.58999633789062,18049700.0
2017-06-27,152.83999633789062,153.30999755859375,150.38999938964844,150.5800018310547,19360800.0
2017-06-28,150.9199981689453,153.47000122070312,149.86000061035156,153.24000549316406,16719100.0
2017-06-29,152.27999877929688,152.5,148.9199981689453,151.0399932861328,23973500.0
2017-06-30,151.89999389648438,151.9199981689453,150.05999755859375,150.97999572753906,17666000.0
2017-07-03,151.72000122070312,152.14999389648438,147.8000030517578,148.42999267578125,13862700.0
2017-07-05,149.0,150.85000610351562,148.1300048828125,150.33999633789062,14334300.0
2017-07-06,149.02999877929688,150.0399932861328,148.0,148.82000732421875,14951800.0
2017-07-07,149.25,151.99000549316406,149.19000244140625,151.44000244140625,13615900.0
2017-07-10,151.69000244140625,153.97999572753906,151.50999450683594,153.5,13378700.0
2017-07-11,153.3699951171875,155.4199981689453,152.91000366210938,155.27000427246094,13667700.0
2017-07-12,156.49000549316406,159.16000366210938,156.1999969482422,158.89999389648438,22739400.0
2017-07-13,158.74000549316406,159.77999877929688,158.4199981689453,159.25999450683594,13929200.0
2017-07-14,160.1300048828125,160.32000732421875,159.3300018310547,159.97000122070312,16371200.0
2017-07-17,160.25,160.77999877929688,158.80999755859375,159.72999572753906,12858800.0
2017-07-18,159.66000366210938,163.72999572753906,159.4199981689453,162.86000061035156,23722900.0
2017-07-19,163.58999633789062,165.6999969482422,163.1699981689453,164.13999938964844,26273600.0
2017-07-20,164.8000030517578,165.0,162.80999755859375,164.52999877929688,18523100.0
2017-07-21,164.16000366210938,165.0500030517578,163.75,164.42999267578125,14744000.0
2017-07-24,164.63999938964844,166.1699981689453,164.30999755859375,166.0,17367000.0
2017-07-25,165.00999450683594,165.5399932861328,163.86000061035156,165.27999877929688,15383200.0
2017-07-26,166.00999450683594,166.00999450683594,164.10000610351562,165.61000061035156,35236900.0
2017-07-27,174.6999969482422,175.49000549316406,167.5,170.44000244140625,68910700.0
2017-07-28,169.07000732421875,173.42999267578125,169.0500030517578,172.4499969482422,24557600.0
2017-07-31,172.0,172.72000122070312,168.5500030517578,169.25,25478900.0
2017-08-01,169.82000732421875,170.47000122070312,169.0500030517578,169.86000061035156,14385000.0
2017-08-02,170.3000030517578,170.5500030517578,166.91000366210938,169.3000030517578,17433800.0
2017-08-03,169.3000030517578,169.6999969482422,168.25,168.58999633789062,10793800.0
2017-08-04,168.97000122070312,170.05999755859375,168.69000244140625,169.6199951171875,10777700.0
2017-08-07,169.9499969482422,172.05999755859375,169.66000366210938,171.97999572753906,12787800.0
2017-08-08,171.8800048828125,173.0500030517578,170.6199951171875,171.22999572753906,14393500.0
2017-08-09,169.97999572753906,171.4499969482422,169.55999755859375,171.17999267578125,10815000.0
2017-08-10,170.05999755859375,170.58999633789062,166.85000610351562,167.39999389648438,20832700.0
2017-08-11,167.9499969482422,168.82000732421875,166.85000610351562,168.0800018310547,13791200.0
2017-08-14,170.08999633789062,171.0800018310547,169.2899932861328,170.75,12954200.0
2017-08-15,171.49000549316406,171.5,170.00999450683594,171.0,8729200.0
2017-08-16,171.25,171.3800048828125,169.24000549316406,170.0,15779900.0
2017-08-17,169.33999633789062,169.86000061035156,166.85000610351562,166.91000366210938,17216000.0
2017-08-18,166.83999633789062,168.6699981689453,166.2100067138672,167.41000366210938,15093600.0
2017-08-21,167.16000366210938,168.0,165.82000732421875,167.77999877929688,11907500.0
2017-08-22,168.27999877929688,169.8699951171875,167.14999389648438,169.63999938964844,11391000.0
2017-08-23,168.83999633789062,169.36000061035156,168.1999969482422,168.7100067138672,9856500.0
2017-08-24,168.8800048828125,169.2899932861328,166.41000366210938,167.74000549316406,14030400.0
2017-08-25,167.86000061035156,168.3800048828125,166.17999267578125,166.32000732421875,12614500.0
2017-08-28,166.91000366210938,167.6999969482422,166.3300018310547,167.24000549316406,8553700.0
2017-08-29,165.25,168.42999267578125,165.0,168.0500030517578,11121000.0
2017-08-30,168.1699981689453,170.17999267578125,167.6300048828125,169.9199981689453,11138300.0
2017-08-31,170.39999389648438,172.14999389648438,170.05999755859375,171.97000122070312,17226500.0
2017-09-01,172.39999389648438,172.9199981689453,171.30999755859375,172.02000427246094,11677600.0
2017-09-05,171.27000427246094,172.38999938964844,169.5500030517578,170.72000122070312,13210900.0
2017-09-06,170.91000366210938,172.47999572753906,169.57000732421875,172.08999633789062,13906300.0
2017-09-07,171.94000244140625,173.30999755859375,170.27000427246094,173.2100067138672,18049500.0
2017-09-08,173.08999633789062,173.49000549316406,170.8000030517578,170.9499969482422,10998500.0
2017-09-11,172.39999389648438,173.88999938964844,172.1999969482422,173.50999450683594,12372000.0
2017-09-12,173.75999450683594,174.0,171.75,172.9600067138672,11186300.0
2017-09-13,173.00999450683594,173.1699981689453,172.05999755859375,173.0500030517578,9119300.0
2017-09-14,172.25999450683594,172.27999877929688,170.5,170.9600067138672,15615700.0
2017-09-15,170.8800048828125,172.33999633789062,170.25999450683594,171.63999938964844,15660500.0
2017-09-18,171.99000549316406,172.07000732421875,169.33999633789062,170.00999450683594,12954000.0
2017-09-19,170.6199951171875,172.55999755859375,170.36000061035156,172.52000427246094,13168600.0
2017-09-20,172.5,173.0500030517578,170.6999969482422,172.1699981689453,12264100.0
2017-09-21,171.69000244140625,172.27000427246094,170.00999450683594,171.11000061035156,11161400.0
2017-09-22,170.2100067138672,171.72999572753906,169.22000122070312,170.5399932861328,12097100.0
2017-09-25,169.24000549316406,169.3000030517578,161.55999755859375,162.8699951171875,41251600.0
2017-09-26,164.5,165.5,162.77999877929688,164.2100067138672,23363300.0
2017-09-27,165.89999389648438,168.33999633789062,165.57000732421875,167.67999267578125,19242500.0
2017-09-28,167.94000244140625,169.07000732421875,167.16000366210938,168.72999572753906,12178700.0
2017-09-29,168.8300018310547,171.66000366210938,168.80999755859375,170.8699951171875,15340400.0
2017-10-02,171.38999938964844,171.8699951171875,168.75,169.47000122070312,13392300.0
2017-10-03,169.3000030517578,170.72999572753906,169.1999969482422,169.9600067138672,8190300.0
2017-10-04,169.8300018310547,170.6699981689453,168.2899932861328,168.4199981689453,12127900.0
2017-10-05,169.17999267578125,171.30999755859375,168.60000610351562,171.24000549316406,14580600.0
2017-10-06,170.25,172.3699951171875,169.75,172.22999572753906,13124500.0
2017-10-09,172.6999969482422,174.8800048828125,172.0,172.5,14570400.0
2017-10-10,173.0,173.1999969482422,170.8000030517578,171.58999633789062,11341100.0
2017-10-11,171.9499969482422,172.77999877929688,171.39999389648438,172.74000549316406,11283700.0
2017-10-12,172.61000061035156,173.85000610351562,172.2899932861328,172.5500030517578,10351000.0
2017-10-13,173.4499969482422,174.64999389648438,173.1999969482422,173.74000549316406,13658300.0
2017-10-16,174.49000549316406,175.0,174.05999755859375,174.52000427246094,11498800.0
2017-10-17,174.7100067138672,176.1300048828125,174.36000061035156,176.11000061035156,15990100.0
2017-10-18,176.64999389648438,176.74000549316406,175.75,176.02999877929688,12752400.0
2017-10-19,174.92999267578125,176.02999877929688,172.6300048828125,174.55999755859375,14048400.0
2017-10-20,175.5,175.8800048828125,174.6300048828125,174.97999572753906,12602200.0
2017-10-23,175.1999969482422,175.33999633789062,171.25,171.27000427246094,13852700.0
2017-10-24,172.3000030517578,173.24000549316406,171.5,171.8000030517578,12267900.0
2017-10-25,171.89999389648438,172.25,168.88999938964844,170.60000610351562,15868200.0
2017-10-26,171.3800048828125,172.2899932861328,170.38999938964844,170.6300048828125,11833100.0
2017-10-27,174.14999389648438,178.2100067138672,173.89999389648438,177.8800048828125,30285300.0
2017-10-30,179.25999450683594,180.69000244140625,177.61000061035156,179.8699951171875,24353200.0
2017-10-31,180.57000732421875,180.8000030517578,178.94000244140625,180.05999755859375,20174200.0
2017-11-01,182.36000061035156,182.89999389648438,180.57000732421875,182.66000366210938,40918300.0
2017-11-02,180.6300048828125,181.94000244140625,177.33999633789062,178.9199981689453,35529900.0
2017-11-03,179.2899932861328,179.86000061035156,176.7100067138672,178.9199981689453,17822100.0
2017-11-06,178.55999755859375,180.4499969482422,178.30999755859375,180.1699981689453,13312700.0
2017-11-07,180.5,180.75,178.9600067138672,180.25,12928200.0
2017-11-08,179.7899932861328,180.35000610351562,179.11000061035156,179.55999755859375,10494100.0
2017-11-09,178.30999755859375,179.39999389648438,177.08999633789062,179.3000030517578,12610300.0
2017-11-10,178.35000610351562,179.10000610351562,177.9600067138672,178.4600067138672,11070200.0
2017-11-13,177.5,179.0399932861328,177.3000030517578,178.77000427246094,9523400.0
2017-11-14,178.1300048828125,178.97000122070312,177.17999267578125,178.07000732421875,9585900.0
2017-11-15,176.66000366210938,178.57000732421875,176.39999389648438,177.9499969482422,10253700.0
2017-11-16,178.75999450683594,179.8300018310547,178.5,179.58999633789062,15607600.0
2017-11-17,179.3000030517578,179.97999572753906,178.89999389648438,179.0,13018000.0
2017-11-20,178.8699951171875,179.5,178.10000610351562,178.74000549316406,10052400.0
2017-11-21,179.14999389648438,181.88999938964844,178.99000549316406,181.86000061035156,14504000.0
2017-11-22,181.3000030517578,181.72999572753906,180.44000244140625,180.8699951171875,10376300.0
2017-11-24,180.39999389648438,183.14999389648438,180.2899932861328,182.77999877929688,9426300.0
2017-11-27,182.55999755859375,183.72999572753906,181.99000549316406,183.02999877929688,12344500.0
2017-11-28,183.50999450683594,184.25,182.08999633789062,182.4199981689453,14379700.0
2017-11-29,181.88999938964844,181.97000122070312,174.0,175.1300048828125,41933500.0
2017-11-30,176.85000610351562,178.27999877929688,175.1999969482422,177.17999267578125,25307600.0
2017-12-01,176.02999877929688,177.47999572753906,172.33999633789062,175.10000610351562,20182500.0
2017-12-04,176.2899932861328,176.57000732421875,170.7899932861328,171.47000122070312,24459400.0
2017-12-05,170.4499969482422,175.3800048828125,169.00999450683594,172.8300018310547,20184900.0
2017-12-06,172.5,176.77000427246094,171.89999389648438,176.05999755859375,20255800.0
2017-12-07,175.8000030517578,180.38999938964844,175.8000030517578,180.13999938964844,20404500.0
2017-12-08,181.52999877929688,182.27999877929688,178.74000549316406,179.0,19883800.0
2017-12-11,179.3000030517578,180.22000122070312,178.8000030517578,179.0399932861328,13168600.0
2017-12-12,178.60000610351562,179.17999267578125,176.60000610351562,176.9600067138672,16854100.0
2017-12-13,177.3000030517578,179.16000366210938,177.25,178.3000030517578,14615700.0
2017-12-14,178.2899932861328,180.36000061035156,177.67999267578125,178.38999938964844,13591000.0
2017-12-15,179.02000427246094,180.49000549316406,178.36000061035156,180.17999267578125,28463100.0
2017-12-18,181.00999450683594,181.3000030517578,179.75,180.82000732421875,17265400.0
2017-12-19,179.9499969482422,180.0800018310547,178.22000122070312,179.50999450683594,14920600.0
2017-12-20,179.80999755859375,179.80999755859375,177.36000061035156,177.88999938964844,11860500.0
2017-12-21,177.94000244140625,178.67999267578125,177.0500030517578,177.4499969482422,11600700.0
2017-12-22,177.13999938964844,177.52999877929688,176.22999572753906,177.1999969482422,8509500.0
2017-12-26,176.6300048828125,177.0,174.6699981689453,175.99000549316406,8897300.0
2017-12-27,176.5500030517578,178.44000244140625,176.25999450683594,177.6199951171875,9496100.0
2017-12-28,177.9499969482422,178.94000244140625,177.67999267578125,177.9199981689453,12220800.0
2017-12-29,178.0,178.85000610351562,176.4600067138672,176.4600067138672,10261500.0
2018-01-02,177.67999267578125,181.5800018310547,177.5500030517578,181.4199981689453,18151900.0
2018-01-03,181.8800048828125,184.77999877929688,181.3300018310547,184.6699981689453,16886600.0
2018-01-04,184.89999389648438,186.2100067138672,184.10000610351562,184.3300018310547,13880900.0
2018-01-05,185.58999633789062,186.89999389648438,184.92999267578125,186.85000610351562,13574500.0
2018-01-08,187.1999969482422,188.89999389648438,186.3300018310547,188.27999877929688,17994700.0
2018-01-09,188.6999969482422,188.8000030517578,187.10000610351562,187.8699951171875,12393100.0
2018-01-10,186.94000244140625,187.88999938964844,185.6300048828125,187.83999633789062,10529900.0
2018-01-11,188.39999389648438,188.39999389648438,187.3800048828125,187.77000427246094,9588600.0
2018-01-12,178.05999755859375,181.47999572753906,177.39999389648438,179.3699951171875,77551300.0
2018-01-16,181.5,181.75,178.0399932861328,178.38999938964844,36183800.0
2018-01-17,179.25999450683594,179.32000732421875,175.8000030517578,177.60000610351562,27992400.0
2018-01-18,178.1300048828125,180.97999572753906,177.0800018310547,179.8000030517578,23304900.0
2018-01-19,180.85000610351562,182.3699951171875,180.1699981689453,181.2899932861328,26826500.0
2018-01-22,180.8000030517578,185.38999938964844,180.41000366210938,185.3699951171875,21059500.0
2018-01-23,186.0500030517578,189.5500030517578,185.5500030517578,189.35000610351562,25678800.0
2018-01-24,189.88999938964844,190.66000366210938,186.52000427246094,186.5500030517578,24334500.0
2018-01-25,187.9499969482422,188.6199951171875,186.60000610351562,187.47999572753906,17377700.0
2018-01-26,187.75,190.0,186.80999755859375,190.0,17759200.0
2018-01-29,188.75,188.83999633789062,185.6300048828125,185.97999572753906,20453200.0
2018-01-30,187.6199951171875,188.17999267578125,181.83999633789062,187.1199951171875,20858600.0
2018-01-31,188.3699951171875,189.8300018310547,185.22000122070312,186.88999938964844,43275100.0
2018-02-01,188.22000122070312,195.32000732421875,187.88999938964844,193.08999633789062,54211300.0
2018-02-02,192.0399932861328,194.2100067138672,189.97999572753906,190.27999877929688,26677500.0
2018-02-05,186.92999267578125,190.61000061035156,180.61000061035156,181.25999450683594,33128200.0
2018-02-06,178.57000732421875,185.77000427246094,177.74000549316406,185.30999755859375,37758500.0
2018-02-07,184.14999389648438,185.0800018310547,179.9499969482422,180.17999267578125,27601900.0
2018-02-08,181.00999450683594,181.83999633789062,171.47999572753906,171.5800018310547,38478300.0
2018-02-09,174.75999450683594,176.89999389648438,167.17999267578125,176.11000061035156,39887600.0
2018-02-12,177.05999755859375,177.5500030517578,171.83999633789062,176.41000366210938,32092100.0
2018-02-13,175.6199951171875,175.97000122070312,173.10000610351562,173.14999389648438,21809400.0
2018-02-14,173.4499969482422,179.80999755859375,173.2100067138672,179.52000427246094,28929700.0
2018-02-15,180.5,180.5,176.83999633789062,179.9600067138672,20922100.0
2018-02-16,178.99000549316406,179.8800048828125,176.3000030517578,177.36000061035156,20645300.0
2018-02-20,175.77000427246094,177.9499969482422,175.11000061035156,176.00999450683594,21204900.0
2018-02-21,176.7100067138672,181.27000427246094,176.39999389648438,177.91000366210938,23200800.0
2018-02-22,178.6999969482422,180.2100067138672,177.41000366210938,178.99000549316406,18464200.0
2018-02-23,179.89999389648438,183.38999938964844,179.50999450683594,183.2899932861328,19007300.0
2018-02-26,184.5800018310547,185.66000366210938,183.22000122070312,184.92999267578125,17599700.0
2018-02-27,184.4499969482422,184.6999969482422,181.4600067138672,181.4600067138672,15849800.0
2018-02-28,182.3000030517578,182.8800048828125,178.13999938964844,178.32000732421875,18783000.0
2018-03-01,179.00999450683594,180.1199951171875,174.41000366210938,175.94000244140625,23201600.0
2018-03-02,173.2899932861328,177.11000061035156,172.99000549316406,176.6199951171875,20025900.0
2018-03-05,176.1999969482422,181.14999389648438,175.88999938964844,180.39999389648438,16189300.0
2018-03-06,181.77999877929688,182.3800048828125,179.11000061035156,179.77999877929688,15086800.0
2018-03-07,178.74000549316406,183.82000732421875,178.07000732421875,183.7100067138672,19097300.0
2018-03-08,183.55999755859375,184.39999389648438,181.4499969482422,182.33999633789062,17225900.0
2018-03-09,183.91000366210938,185.50999450683594,183.2100067138672,185.22999572753906,18526300.0
2018-03-12,185.22999572753906,186.10000610351562,184.22000122070312,184.75999450683594,15301200.0
2018-03-13,185.61000061035156,185.99000549316406,181.11000061035156,181.8800048828125,18067500.0
2018-03-14,182.60000610351562,184.25,181.85000610351562,184.19000244140625,16821700.0
2018-03-15,183.24000549316406,184.0,182.19000244140625,183.86000061035156,15614300.0
2018-03-16,184.49000549316406,185.3300018310547,183.41000366210938,185.08999633789062,24403400.0
2018-03-19,177.00999450683594,177.1699981689453,170.05999755859375,172.55999755859375,88140100.0
2018-03-20,167.47000122070312,170.1999969482422,161.9499969482422,168.14999389648438,129851800.0
2018-03-21,164.8000030517578,173.39999389648438,163.3000030517578,169.38999938964844,106598800.0
2018-03-22,166.1300048828125,170.27000427246094,163.72000122070312,164.88999938964844,73743000.0
2018-03-23,165.44000244140625,166.60000610351562,159.02000427246094,159.38999938964844,53609700.0
2018-03-26,160.82000732421875,161.10000610351562,149.02000427246094,160.05999755859375,126116600.0
2018-03-27,156.30999755859375,162.85000610351562,150.75,152.22000122070312,79117000.0
2018-03-28,151.64999389648438,155.8800048828125,150.8000030517578,153.02999877929688,60029200.0
2018-03-29,155.14999389648438,161.4199981689453,154.13999938964844,159.7899932861328,59434300.0
2018-04-02,157.80999755859375,159.1999969482422,154.11000061035156,155.38999938964844,36796000.0
2018-04-03,156.5500030517578,157.38999938964844,150.80999755859375,156.11000061035156,42543900.0
2018-04-04,152.02999877929688,155.55999755859375,150.50999450683594,155.10000610351562,49885600.0
2018-04-05,161.55999755859375,161.57000732421875,156.64999389648438,159.33999633789062,41449600.0
2018-04-06,157.72999572753906,161.4199981689453,156.80999755859375,157.1999969482422,41644800.0
2018-04-09,157.82000732421875,160.52999877929688,156.0399932861328,157.92999267578125,34915200.0
2018-04-10,157.92999267578125,165.97999572753906,157.00999450683594,165.0399932861328,57889300.0
2018-04-11,165.36000061035156,168.64999389648438,163.25,166.32000732421875,56144600.0
2018-04-12,166.97999572753906,167.4499969482422,163.10000610351562,163.8699951171875,38263000.0
2018-04-13,164.5800018310547,165.6999969482422,163.77000427246094,164.52000427246094,19990600.0
2018-04-16,165.72000122070312,165.77999877929688,163.38999938964844,164.8300018310547,18119400.0
2018-04-17,165.8300018310547,169.0,165.66000366210938,168.66000366210938,22743000.0
2018-04-18,166.8800048828125,168.1199951171875,165.77000427246094,166.36000061035156,20969600.0
2018-04-19,166.1999969482422,168.3300018310547,165.1999969482422,168.10000610351562,22235000.0
2018-04-20,167.7899932861328,168.42999267578125,165.80999755859375,166.27999877929688,19119400.0
2018-04-23,167.27000427246094,168.4499969482422,165.08999633789062,165.83999633789062,23088100.0
2018-04-24,165.42999267578125,166.10000610351562,158.19000244140625,159.69000244140625,35079900.0
2018-04-25,160.13999938964844,161.05999755859375,156.19000244140625,159.69000244140625,41083600.0
2018-04-26,173.22000122070312,176.27000427246094,170.8000030517578,174.16000366210938,77556900.0
2018-04-27,176.80999755859375,177.10000610351562,172.60000610351562,173.58999633789062,29804700.0
2018-04-30,173.7899932861328,175.72000122070312,171.7100067138672,172.0,20750500.0
2018-05-01,172.0,174.02000427246094,170.22999572753906,173.86000061035156,26025900.0
2018-05-02,174.25,178.0800018310547,174.1999969482422,176.07000732421875,30424500.0
2018-05-03,175.1300048828125,176.1199951171875,172.1199951171875,174.02000427246094,24026100.0
2018-05-04,173.0800018310547,176.97999572753906,173.05999755859375,176.61000061035156,17677800.0
2018-05-07,177.35000610351562,179.5,177.1699981689453,177.97000122070312,18697200.0
2018-05-08,178.25,179.0399932861328,177.11000061035156,178.9199981689453,15577200.0
2018-05-09,179.6699981689453,183.00999450683594,178.77999877929688,182.66000366210938,23282800.0
2018-05-10,183.14999389648438,186.1300048828125,182.5,185.52999877929688,21071400.0
2018-05-11,184.85000610351562,188.32000732421875,184.17999267578125,186.99000549316406,21207800.0
2018-05-14,187.7100067138672,187.86000061035156,186.1999969482422,186.63999938964844,15646700.0
2018-05-15,184.8800048828125,185.2899932861328,183.1999969482422,184.32000732421875,15429400.0
2018-05-16,183.6999969482422,184.32000732421875,182.66000366210938,183.1999969482422,16975500.0
2018-05-17,182.67999267578125,184.05999755859375,182.22000122070312,183.75999450683594,14840700.0
2018-05-18,183.49000549316406,184.19000244140625,182.61000061035156,182.67999267578125,13130500.0
2018-05-21,183.77000427246094,185.3000030517578,183.1300048828125,184.49000549316406,13532900.0
2018-05-22,184.92999267578125,185.4199981689453,183.42999267578125,183.8000030517578,12731400.0
2018-05-23,182.5,186.91000366210938,182.17999267578125,186.89999389648438,16628100.0
2018-05-24,185.8800048828125,186.8000030517578,185.02999877929688,185.92999267578125,12354700.0
2018-05-25,186.02000427246094,186.3300018310547,184.4499969482422,184.9199981689453,10965100.0
2018-05-29,184.33999633789062,186.80999755859375,183.7100067138672,185.74000549316406,16398900.0
2018-05-30,186.5399932861328,188.0,185.25,187.6699981689453,13736900.0
2018-05-31,187.8699951171875,192.72000122070312,187.47999572753906,191.77999877929688,30782600.0
2018-06-01,193.07000732421875,194.5500030517578,192.07000732421875,193.99000549316406,17307200.0
2018-06-04,191.83999633789062,193.97999572753906,191.47000122070312,193.27999877929688,18939800.0
2018-06-05,194.3000030517578,195.0,192.6199951171875,192.94000244140625,15544300.0
2018-06-06,191.02999877929688,192.52999877929688,189.11000061035156,191.33999633789062,22558900.0
2018-06-07,190.75,190.97000122070312,186.77000427246094,188.17999267578125,21503200.0
2018-06-08,187.52999877929688,189.47999572753906,186.42999267578125,189.10000610351562,12677100.0
2018-06-11,188.80999755859375,192.60000610351562,188.8000030517578,191.5399932861328,12928900.0
2018-06-12,192.1699981689453,193.27999877929688,191.55999755859375,192.39999389648438,11562700.0
2018-06-13,192.74000549316406,194.5,191.91000366210938,192.41000366210938,15853800.0
2018-06-14,193.10000610351562,197.27999877929688,192.91000366210938,196.80999755859375,19120900.0
2018-06-15,195.7899932861328,197.07000732421875,194.63999938964844,195.85000610351562,21860900.0
2018-06-18,194.8000030517578,199.5800018310547,194.1300048828125,198.30999755859375,16826000.0
2018-06-19,196.24000549316406,197.9600067138672,193.7899932861328,197.49000549316406,19994000.0
2018-06-20,199.10000610351562,203.5500030517578,198.80999755859375,202.0,28230900.0
2018-06-21,202.75999450683594,203.38999938964844,200.08999633789062,201.5,19045700.0
2018-06-22,201.16000366210938,202.24000549316406,199.30999755859375,201.74000549316406,17420200.0
2018-06-25,200.0,200.0,193.11000061035156,196.35000610351562,25275100.0
2018-06-26,197.60000610351562,199.10000610351562,196.22999572753906,199.0,17897600.0
2018-06-27,199.17999267578125,200.75,195.8000030517578,195.83999633789062,18734400.0
2018-06-28,195.17999267578125,197.33999633789062,193.25999450683594,196.22999572753906,18172400.0
2018-06-29,197.32000732421875,197.60000610351562,193.9600067138672,194.32000732421875,15811600.0
2018-07-02,193.3699951171875,197.4499969482422,192.22000122070312,197.36000061035156,13961600.0
2018-07-03,194.5500030517578,195.39999389648438,192.52000427246094,192.72999572753906,13489500.0
2018-07-05,194.74000549316406,198.64999389648438,194.02999877929688,198.4499969482422,19684200.0
2018-07-06,198.4499969482422,203.63999938964844,197.6999969482422,203.22999572753906,19740100.0
2018-07-09,204.92999267578125,205.8000030517578,202.1199951171875,204.74000549316406,18149400.0
2018-07-10,204.5,204.91000366210938,202.25999450683594,203.5399932861328,13190100.0
2018-07-11,202.22000122070312,204.5,201.75,202.5399932861328,12927400.0
2018-07-12,203.42999267578125,207.0800018310547,203.19000244140625,206.9199981689453,15454700.0
2018-07-13,207.80999755859375,208.42999267578125,206.4499969482422,207.32000732421875,11486800.0
2018-07-16,207.5,208.72000122070312,206.83999633789062,207.22999572753906,11078200.0
2018-07-17,204.89999389648438,210.4600067138672,204.83999633789062,209.99000549316406,15349900.0
2018-07-18,209.82000732421875,210.99000549316406,208.44000244140625,209.36000061035156,15334900.0
2018-07-19,208.77000427246094,209.99000549316406,207.75999450683594,208.08999633789062,11350400.0
2018-07-20,208.85000610351562,211.5,208.5,209.94000244140625,16163900.0
2018-07-23,210.5800018310547,211.6199951171875,208.8000030517578,210.91000366210938,16732000.0
2018-07-24,215.11000061035156,216.1999969482422,212.60000610351562,214.6699981689453,28468700.0
2018-07-25,215.72000122070312,218.6199951171875,214.27000427246094,217.5,58954200.0
2018-07-26,174.88999938964844,180.1300048828125,173.75,176.25999450683594,169803700.0
2018-07-27,179.8699951171875,179.92999267578125,173.0,174.88999938964844,60073700.0
2018-07-30,175.3000030517578,175.3000030517578,166.55999755859375,171.05999755859375,65280800.0
2018-07-31,170.6699981689453,174.24000549316406,170.0,172.5800018310547,40356500.0
2018-08-01,173.92999267578125,175.0800018310547,170.89999389648438,171.64999389648438,34042100.0
2018-08-02,170.67999267578125,176.7899932861328,170.27000427246094,176.3699951171875,32400000.0
2018-08-03,177.69000244140625,178.85000610351562,176.14999389648438,177.77999877929688,24763400.0
2018-08-06,178.97000122070312,185.7899932861328,178.3800048828125,185.69000244140625,49716200.0
2018-08-07,186.5,188.3000030517578,183.72000122070312,183.80999755859375,33398600.0
2018-08-08,184.75,186.85000610351562,183.75999450683594,185.17999267578125,22205200.0
2018-08-09,185.85000610351562,186.57000732421875,182.47999572753906,183.08999633789062,19732100.0
2018-08-10,182.0399932861328,182.10000610351562,179.4199981689453,180.25999450683594,21500400.0
2018-08-13,180.10000610351562,182.61000061035156,178.89999389648438,180.0500030517578,17423300.0
2018-08-14,180.7100067138672,181.99000549316406,178.6199951171875,181.11000061035156,19102000.0
2018-08-15,179.33999633789062,180.8699951171875,174.77999877929688,179.52999877929688,33020200.0
2018-08-16,180.4199981689453,180.5,174.00999450683594,174.6999969482422,31351800.0
2018-08-17,174.5,176.22000122070312,172.0399932861328,173.8000030517578,24893200.0
2018-08-20,174.0399932861328,174.57000732421875,170.91000366210938,172.5,21518000.0
2018-08-21,172.80999755859375,174.1699981689453,171.38999938964844,172.6199951171875,19578500.0
2018-08-22,172.2100067138672,174.24000549316406,172.1300048828125,173.63999938964844,16894100.0
2018-08-23,173.08999633789062,175.5500030517578,172.8300018310547,172.89999389648438,18053600.0
2018-08-24,173.6999969482422,174.82000732421875,172.9199981689453,174.64999389648438,14631600.0
2018-08-27,175.99000549316406,178.6699981689453,175.7899932861328,177.4600067138672,17921900.0
2018-08-28,178.10000610351562,178.24000549316406,175.8300018310547,176.25999450683594,15910700.0
2018-08-29,176.3000030517578,176.7899932861328,174.75,175.89999389648438,18494100.0
2018-08-30,175.89999389648438,179.7899932861328,175.6999969482422,177.63999938964844,24216500.0
2018-08-31,177.14999389648438,177.6199951171875,174.97999572753906,175.72999572753906,18065200.0
2018-09-04,173.5,173.88999938964844,168.8000030517578,171.16000366210938,29809000.0
2018-09-05,169.49000549316406,171.1300048828125,166.6699981689453,167.17999267578125,31226700.0
2018-09-06,166.97999572753906,166.97999572753906,160.0,162.52999877929688,41514800.0
2018-09-07,160.30999755859375,164.6300048828125,160.16000366210938,163.0399932861328,24300600.0
2018-09-10,163.50999450683594,165.00999450683594,162.16000366210938,164.17999267578125,20197700.0
2018-09-11,163.94000244140625,167.19000244140625,163.72000122070312,165.94000244140625,20457100.0
2018-09-12,163.25,164.49000549316406,161.8000030517578,162.0,24078100.0
2018-09-13,162.0,163.32000732421875,160.86000061035156,161.36000061035156,25453800.0
2018-09-14,161.72000122070312,162.83999633789062,160.33999633789062,162.32000732421875,21770400.0
2018-09-17,161.9199981689453,162.05999755859375,159.77000427246094,160.5800018310547,21005300.0
2018-09-18,159.38999938964844,161.75999450683594,158.8699951171875,160.3000030517578,22465200.0
2018-09-19,160.0800018310547,163.44000244140625,159.47999572753906,163.05999755859375,19629000.0
2018-09-20,164.5,166.4499969482422,164.47000122070312,166.02000427246094,18936000.0
2018-09-21,166.63999938964844,167.25,162.80999755859375,162.92999267578125,45994800.0
2018-09-24,161.02999877929688,165.6999969482422,160.8800048828125,165.41000366210938,19222800.0
2018-09-25,161.99000549316406,165.58999633789062,161.14999389648438,164.91000366210938,27622800.0
2018-09-26,164.3000030517578,169.3000030517578,164.2100067138672,166.9499969482422,25252200.0
2018-09-27,167.5500030517578,171.77000427246094,167.2100067138672,168.83999633789062,27266900.0
2018-09-28,168.3300018310547,168.7899932861328,162.55999755859375,164.4600067138672,34265600.0
2018-10-01,163.02999877929688,165.8800048828125,161.25999450683594,162.44000244140625,26407700.0
2018-10-02,161.5800018310547,162.27999877929688,158.6699981689453,159.3300018310547,36031000.0
2018-10-03,160.0,163.66000366210938,159.52999877929688,162.42999267578125,23109500.0
2018-10-04,161.4600067138672,161.4600067138672,157.35000610351562,158.85000610351562,25739600.0
2018-10-05,159.2100067138672,160.89999389648438,156.1999969482422,157.3300018310547,25744000.0
2018-10-08,155.5399932861328,158.33999633789062,154.38999938964844,157.25,24046000.0
2018-10-09,157.69000244140625,160.58999633789062,157.4199981689453,157.89999389648438,18844400.0
2018-10-10,156.82000732421875,157.69000244140625,151.30999755859375,151.3800048828125,30610000.0
2018-10-11,150.1300048828125,154.80999755859375,149.16000366210938,153.35000610351562,35338900.0
2018-10-12,156.72999572753906,156.88999938964844,151.3000030517578,153.74000549316406,25293500.0
2018-10-15,153.32000732421875,155.57000732421875,152.5500030517578,153.52000427246094,15433500.0
2018-10-16,155.39999389648438,159.4600067138672,155.00999450683594,158.77999877929688,19180100.0
2018-10-17,159.55999755859375,160.49000549316406,157.9499969482422,159.4199981689453,17592000.0
2018-10-18,158.50999450683594,158.66000366210938,153.27999877929688,154.9199981689453,21675100.0
2018-10-19,155.86000061035156,157.35000610351562,153.5500030517578,154.0500030517578,19761300.0
2018-10-22,154.75999450683594,157.33999633789062,154.4600067138672,154.77999877929688,15424700.0
2018-10-23,151.22000122070312,154.77000427246094,150.85000610351562,154.38999938964844,19095000.0
2018-10-24,154.27999877929688,154.64999389648438,145.60000610351562,146.0399932861328,27744600.0
2018-10-25,147.72999572753906,152.2100067138672,147.0,150.9499969482422,22105700.0
2018-10-26,145.82000732421875,149.0,143.8000030517578,145.3699951171875,31303300.0
2018-10-29,148.5,148.8300018310547,139.02999877929688,142.08999633789062,31336800.0
2018-10-30,139.94000244140625,146.63999938964844,139.74000549316406,146.22000122070312,50528300.0
2018-10-31,155.0,156.39999389648438,148.9600067138672,151.7899932861328,60101300.0
2018-11-01,151.52000427246094,152.75,149.35000610351562,151.75,25640800.0
2018-11-02,151.8000030517578,154.1300048828125,148.9600067138672,150.35000610351562,24708700.0
2018-11-05,150.10000610351562,150.19000244140625,147.44000244140625,148.67999267578125,15971200.0
2018-11-06,149.30999755859375,150.97000122070312,148.0,149.94000244140625,16667100.0
2018-11-07,151.57000732421875,153.00999450683594,149.8300018310547,151.52999877929688,21877400.0
2018-11-08,150.49000549316406,150.94000244140625,146.74000549316406,147.8699951171875,24145800.0
2018-11-09,146.75,147.75999450683594,144.07000732421875,144.9600067138672,17326900.0
2018-11-12,144.47999572753906,145.0399932861328,140.49000549316406,141.5500030517578,18542100.0
2018-11-13,142.0,144.8800048828125,141.6199951171875,142.16000366210938,15141700.0
2018-11-14,143.6999969482422,145.5800018310547,141.5500030517578,144.22000122070312,22068400.0
2018-11-15,142.3300018310547,144.83999633789062,140.8300018310547,143.85000610351562,30320300.0
2018-11-16,141.07000732421875,141.77000427246094,137.77000427246094,139.52999877929688,37250600.0
2018-11-19,137.61000061035156,137.75,131.2100067138672,131.5500030517578,44362700.0
2018-11-20,127.02999877929688,134.16000366210938,126.8499984741211,132.42999267578125,41939500.0
2018-11-21,134.39999389648438,137.19000244140625,134.1300048828125,134.82000732421875,25469700.0
2018-11-23,133.64999389648438,134.5,131.25999450683594,131.72999572753906,11886100.0
2018-11-26,133.0,137.0,132.77999877929688,136.3800048828125,24263600.0
2018-11-27,135.75,136.61000061035156,133.7100067138672,135.0,20750300.0
2018-11-28,136.27999877929688,136.7899932861328,131.85000610351562,136.75999450683594,29847500.0
2018-11-29,135.9199981689453,139.99000549316406,135.66000366210938,138.67999267578125,24238700.0
2018-11-30,138.25999450683594,140.97000122070312,137.36000061035156,140.61000061035156,25732600.0
2018-12-03,143.0,143.67999267578125,140.75999450683594,141.08999633789062,24819200.0
2018-12-04,140.72999572753906,143.38999938964844,137.16000366210938,137.92999267578125,30307400.0
2018-12-06,133.82000732421875,139.6999969482422,133.6699981689453,139.6300048828125,28218100.0
2018-12-07,139.25,140.8699951171875,136.66000366210938,137.4199981689453,21195500.0
2018-12-10,139.60000610351562,143.0500030517578,139.00999450683594,141.85000610351562,26422200.0
2018-12-11,143.8800048828125,143.8800048828125,141.10000610351562,142.0800018310547,20300300.0
2018-12-12,143.0800018310547,147.19000244140625,142.50999450683594,144.5,23696900.0
2018-12-13,145.57000732421875,145.85000610351562,143.19000244140625,145.00999450683594,18148600.0
2018-12-14,143.33999633789062,146.00999450683594,142.50999450683594,144.05999755859375,21785800.0
2018-12-17,143.0800018310547,144.9199981689453,138.4199981689453,140.19000244140625,24334000.0
2018-12-18,141.0800018310547,145.92999267578125,139.8300018310547,143.66000366210938,24709100.0
2018-12-19,141.2100067138672,144.91000366210938,132.5,133.24000549316406,57404900.0
2018-12-20,130.6999969482422,135.57000732421875,130.0,133.39999389648438,40297900.0
2018-12-21,133.38999938964844,134.89999389648438,123.41999816894531,124.94999694824219,56901500.0
2018-12-24,123.0999984741211,129.74000549316406,123.0199966430664,124.05999755859375,22066000.0
2018-12-26,126.0,134.24000549316406,125.88999938964844,134.17999267578125,39723400.0
2018-12-27,132.44000244140625,134.99000549316406,129.6699981689453,134.52000427246094,31202500.0
2018-12-28,135.33999633789062,135.9199981689453,132.1999969482422,133.1999969482422,22627600.0
2018-12-31,134.4499969482422,134.63999938964844,129.9499969482422,131.08999633789062,24625300.0
2019-01-02,128.99000549316406,137.50999450683594,128.55999755859375,135.67999267578125,28146200.0
2019-01-03,134.69000244140625,137.1699981689453,131.1199951171875,131.74000549316406,22717900.0
2019-01-04,134.00999450683594,138.0,133.75,137.9499969482422,29002100.0
2019-01-07,137.55999755859375,138.8699951171875,135.91000366210938,138.0500030517578,20089300.0
2019-01-08,139.88999938964844,143.13999938964844,139.5399932861328,142.52999877929688,26263800.0
2019-01-09,142.9499969482422,144.6999969482422,141.27000427246094,144.22999572753906,22205900.0
2019-01-10,143.0800018310547,144.55999755859375,140.83999633789062,144.1999969482422,16125000.0
2019-01-11,143.14999389648438,145.36000061035156,142.57000732421875,143.8000030517578,12908000.0
2019-01-14,142.0,146.57000732421875,141.27000427246094,145.38999938964844,20520300.0
2019-01-15,146.00999450683594,150.67999267578125,145.99000549316406,148.9499969482422,24069000.0
2019-01-16,149.0,149.64999389648438,147.0,147.5399932861328,18025700.0
2019-01-17,146.9499969482422,149.0,146.5,148.3000030517578,15787900.0
2019-01-18,149.75,152.42999267578125,148.5500030517578,150.0399932861328,31029600.0
2019-01-22,149.1999969482422,151.52999877929688,146.3699951171875,147.57000732421875,22378700.0
2019-01-23,148.27999877929688,148.8000030517578,143.05999755859375,144.3000030517578,20098400.0
2019-01-24,144.63999938964844,146.44000244140625,142.52000427246094,145.8300018310547,20955500.0
2019-01-25,147.47999572753906,149.8300018310547,146.5399932861328,149.00999450683594,22237200.0
2019-01-28,148.0500030517578,148.9600067138672,146.2100067138672,147.47000122070312,15508500.0
2019-01-29,148.08999633789062,148.10000610351562,143.42999267578125,144.19000244140625,17632100.0
2019-01-30,146.22000122070312,150.9499969482422,145.6999969482422,150.4199981689453,44613200.0
2019-01-31,165.60000610351562,171.67999267578125,165.0,166.69000244140625,77233600.0
2019-02-01,165.83999633789062,169.10000610351562,165.66000366210938,165.7100067138672,30806500.0
2019-02-04,165.6999969482422,169.3000030517578,163.6199951171875,169.25,20036000.0
2019-02-05,169.14999389648438,171.97999572753906,168.69000244140625,171.16000366210938,22557000.0
2019-02-06,171.1999969482422,172.47000122070312,169.27000427246094,170.49000549316406,13281200.0
2019-02-07,168.1999969482422,169.24000549316406,165.25,166.3800048828125,17517600.0
2019-02-08,164.47000122070312,167.3699951171875,164.2100067138672,167.3300018310547,12561400.0
2019-02-11,167.89999389648438,168.3000030517578,165.0800018310547,165.7899932861328,12811200.0
2019-02-12,166.86000061035156,168.33999633789062,164.5,165.0399932861328,16292300.0
2019-02-13,165.3800048828125,166.22000122070312,163.72999572753906,164.07000732421875,14205100.0
2019-02-14,163.19000244140625,164.8699951171875,162.25,163.9499969482422,12755200.0
2019-02-15,164.50999450683594,164.6999969482422,160.86000061035156,162.5,15504400.0
2019-02-19,160.5,164.14999389648438,160.3300018310547,162.2899932861328,14345400.0
2019-02-20,162.25,163.72000122070312,161.25,162.55999755859375,11770700.0
2019-02-21,161.92999267578125,162.24000549316406,159.58999633789062,160.0399932861328,15607800.0
2019-02-22,160.5800018310547,162.41000366210938,160.30999755859375,161.88999938964844,15858500.0
2019-02-25,163.07000732421875,166.07000732421875,162.89999389648438,164.6199951171875,18737100.0
2019-02-26,164.33999633789062,166.24000549316406,163.8000030517578,164.1300048828125,13784100.0
2019-02-27,162.89999389648438,163.92999267578125,160.41000366210938,162.80999755859375,12697500.0
2019-02-28,162.3699951171875,163.5,160.86000061035156,161.4499969482422,11114200.0
2019-03-01,162.60000610351562,163.1300048828125,161.69000244140625,162.27999877929688,11097800.0
2019-03-04,163.89999389648438,167.5,163.8300018310547,167.3699951171875,18894700.0
2019-03-05,167.3699951171875,171.8800048828125,166.5500030517578,171.25999450683594,28187900.0
2019-03-06,172.89999389648438,173.57000732421875,171.27000427246094,172.50999450683594,21531700.0
2019-03-07,171.5,171.74000549316406,167.61000061035156,169.1300048828125,18306500.0
2019-03-08,166.1999969482422,169.6199951171875,165.97000122070312,169.60000610351562,13184800.0
2019-03-11,171.60000610351562,174.3000030517578,171.5800018310547,172.07000732421875,18884000.0
2019-03-12,172.08999633789062,173.8000030517578,171.22000122070312,171.9199981689453,12155300.0
2019-03-13,172.32000732421875,174.02999877929688,172.1199951171875,173.3699951171875,11973300.0
2019-03-14,169.75999450683594,171.14999389648438,168.16000366210938,170.1699981689453,18037400.0
2019-03-15,167.16000366210938,167.5800018310547,162.50999450683594,165.97999572753906,37135400.0
2019-03-18,163.57000732421875,163.89999389648438,159.27999877929688,160.47000122070312,37524200.0
2019-03-19,161.47999572753906,163.82000732421875,160.82000732421875,161.57000732421875,25611500.0
2019-03-20,161.5,166.1199951171875,161.24000549316406,165.44000244140625,20211500.0
2019-03-21,164.88999938964844,166.38999938964844,163.75,166.0800018310547,16223000.0
2019-03-22,165.64999389648438,167.4199981689453,164.08999633789062,164.33999633789062,16389200.0
2019-03-25,163.0,166.5399932861328,162.0,166.2899932861328,12631200.0
2019-03-26,167.35000610351562,169.4499969482422,166.35000610351562,167.67999267578125,15437900.0
2019-03-27,167.85000610351562,168.94000244140625,164.7899932861328,165.8699951171875,10620300.0
2019-03-28,164.57000732421875,166.72000122070312,163.3300018310547,165.5500030517578,10443000.0
2019-03-29,166.38999938964844,167.19000244140625,164.80999755859375,166.69000244140625,13455500.0
2019-04-01,167.8300018310547,168.89999389648438,167.27999877929688,168.6999969482422,10381500.0
2019-04-02,170.13999938964844,174.89999389648438,169.5500030517578,174.1999969482422,23946500.0
2019-04-03,174.5,177.9600067138672,172.9499969482422,173.5399932861328,27391100.0
2019-04-04,176.02000427246094,178.0,175.52999877929688,176.02000427246094,17847700.0
2019-04-05,176.8800048828125,177.0,175.10000610351562,175.72000122070312,9594100.0
2019-04-08,175.2100067138672,175.5,174.22999572753906,174.92999267578125,7297400.0
2019-04-09,175.6199951171875,179.19000244140625,175.5500030517578,177.5800018310547,19751000.0
2019-04-10,178.17999267578125,178.7899932861328,176.5399932861328,177.82000732421875,11701500.0
2019-04-11,178.24000549316406,178.39999389648438,177.0,177.50999450683594,8071000.0
2019-04-12,178.0,179.6300048828125,177.9499969482422,179.10000610351562,12329800.0
2019-04-15,178.5,180.5,176.8699951171875,179.64999389648438,10834800.0
2019-04-16,179.0,180.1699981689453,178.3000030517578,178.8699951171875,11215200.0
2019-04-17,179.60000610351562,180.74000549316406,178.36000061035156,178.77999877929688,9973700.0
2019-04-18,178.8000030517578,178.8800048828125,177.33999633789062,178.27999877929688,11655600.0
2019-04-22,178.25,181.6699981689453,178.25,181.44000244140625,13389900.0
2019-04-23,182.74000549316406,184.22000122070312,181.47999572753906,183.77999877929688,19954800.0
2019-04-24,184.49000549316406,185.13999938964844,181.64999389648438,182.5800018310547,37289900.0
2019-04-25,196.97999572753906,198.47999572753906,192.1199951171875,193.25999450683594,54148800.0
2019-04-26,192.5,192.89999389648438,189.08999633789062,191.49000549316406,22075000.0
2019-04-29,190.9499969482422,195.41000366210938,190.64999389648438,194.77999877929688,19641300.0
2019-04-30,194.19000244140625,197.38999938964844,192.27999877929688,193.39999389648438,23494700.0
2019-05-01,194.77999877929688,196.17999267578125,193.00999450683594,193.02999877929688,15996600.0
2019-05-02,193.0,194.0,189.75,192.52999877929688,13209500.0
2019-05-03,194.3800048828125,196.16000366210938,193.7100067138672,195.47000122070312,14575400.0
2019-05-06,191.24000549316406,194.27999877929688,190.5500030517578,193.8800048828125,13994900.0
2019-05-07,192.5399932861328,192.89999389648438,187.85000610351562,189.77000427246094,16253000.0
2019-05-08,189.38999938964844,190.72000122070312,188.5500030517578,189.5399932861328,12505700.0
2019-05-09,187.1999969482422,189.77000427246094,186.25999450683594,188.64999389648438,12967000.0
2019-05-10,188.25,190.0,184.58999633789062,188.33999633789062,12578500.0
2019-05-13,183.5,185.42999267578125,180.83999633789062,181.5399932861328,16833300.0
2019-05-14,182.52000427246094,183.49000549316406,178.10000610351562,180.72999572753906,17628100.0
2019-05-15,180.4199981689453,187.27999877929688,180.02000427246094,186.27000427246094,16746900.0
2019-05-16,185.0500030517578,188.5800018310547,185.0500030517578,186.99000549316406,12953100.0
2019-05-17,184.83999633789062,187.5800018310547,184.27999877929688,185.3000030517578,10485400.0
2019-05-20,181.8800048828125,184.22999572753906,181.3699951171875,182.72000122070312,10352000.0
2019-05-21,184.57000732421875,185.6999969482422,183.88999938964844,184.82000732421875,7502800.0
2019-05-22,184.72999572753906,186.74000549316406,183.61000061035156,185.32000732421875,9213800.0
2019-05-23,182.4199981689453,183.89999389648438,179.6699981689453,180.8699951171875,12768800.0
2019-05-24,182.3300018310547,183.6300048828125,180.8300018310547,181.05999755859375,8807700.0
2019-05-28,181.5399932861328,184.7100067138672,181.4499969482422,184.30999755859375,14843300.0
2019-05-29,183.5,184.55999755859375,181.35000610351562,182.19000244140625,12797700.0
2019-05-30,183.0800018310547,183.47999572753906,180.88999938964844,183.00999450683594,8581500.0
2019-05-31,180.27999877929688,180.5399932861328,177.16000366210938,177.47000122070312,15226500.0
2019-06-03,175.0,175.0500030517578,161.00999450683594,164.14999389648438,56059600.0
2019-06-04,163.7100067138672,168.27999877929688,160.83999633789062,167.5,46044300.0
2019-06-05,167.47999572753906,168.72000122070312,164.6300048828125,168.1699981689453,19758300.0
2019-06-06,168.3000030517578,169.6999969482422,167.22999572753906,168.3300018310547,12446400.0
2019-06-07,170.1699981689453,173.8699951171875,168.83999633789062,173.35000610351562,16917300.0
2019-06-10,174.75,177.86000061035156,173.8000030517578,174.82000732421875,14767900.0
2019-06-11,178.47999572753906,179.97999572753906,176.7899932861328,178.10000610351562,15266600.0
2019-06-12,178.3800048828125,179.27000427246094,172.8800048828125,175.0399932861328,17699800.0
2019-06-13,175.52999877929688,178.02999877929688,174.61000061035156,177.47000122070312,12253600.0
2019-06-14,180.50999450683594,181.83999633789062,180.0,181.3300018310547,16773700.0
2019-06-17,185.00999450683594,189.5,184.41000366210938,189.00999450683594,29459900.0
2019-06-18,194.0,194.52999877929688,187.27999877929688,188.47000122070312,37571400.0
2019-06-19,187.0,188.10000610351562,184.5500030517578,187.47999572753906,21417100.0
2019-06-20,190.9499969482422,191.16000366210938,187.63999938964844,189.52999877929688,14635700.0
2019-06-21,188.75,192.0,188.75,191.13999938964844,22751200.0
2019-06-24,192.4199981689453,193.97999572753906,191.57000732421875,192.60000610351562,15509000.0
2019-06-25,192.8800048828125,193.13999938964844,188.1300048828125,188.83999633789062,16750300.0
2019-06-26,189.5399932861328,190.75999450683594,187.30999755859375,187.66000366210938,12808600.0
2019-06-27,189.8800048828125,198.8800048828125,188.27000427246094,189.5,11159000.0
2019-06-28,190.5500030517578,193.1999969482422,189.94000244140625,193.0,16378900.0
2019-07-01,195.2100067138672,195.27999877929688,191.92999267578125,193.0,14181800.0
2019-07-02,193.0,195.0,192.7100067138672,195.0,9050000.0
2019-07-03,194.16000366210938,197.39999389648438,194.16000366210938,197.1999969482422,10246100.0
2019-07-05,196.17999267578125,197.07000732421875,194.1699981689453,196.39999389648438,11164100.0
2019-07-08,195.19000244140625,196.67999267578125,193.63999938964844,195.75999450683594,9723900.0
2019-07-09,194.97000122070312,199.4600067138672,194.88999938964844,199.2100067138672,14698600.0
2019-07-10,200.0,202.9600067138672,199.6699981689453,202.72999572753906,20571700.0
2019-07-11,203.25999450683594,203.8000030517578,200.2100067138672,201.22999572753906,13678500.0
2019-07-12,199.67999267578125,205.3000030517578,199.16000366210938,204.8699951171875,15366300.0
2019-07-15,204.25,205.3300018310547,201.82000732421875,203.91000366210938,16030300.0
2019-07-16,203.88999938964844,205.47000122070312,203.10000610351562,203.83999633789062,12132700.0
2019-07-17,204.17999267578125,204.36000061035156,201.58999633789062,201.8000030517578,12083700.0
2019-07-18,200.14999389648438,202.47000122070312,199.3800048828125,200.77999877929688,11937900.0
2019-07-19,202.17999267578125,202.3300018310547,198.07000732421875,198.36000061035156,12098300.0
2019-07-22,199.91000366210938,202.57000732421875,198.80999755859375,202.32000732421875,13589000.0
2019-07-23,202.83999633789062,204.24000549316406,200.9600067138672,202.36000061035156,14583700.0
2019-07-24,197.6300048828125,204.80999755859375,197.22000122070312,204.66000366210938,32532500.0
2019-07-25,206.6999969482422,208.66000366210938,198.25999450683594,200.7100067138672,39889900.0
2019-07-26,200.19000244140625,202.8800048828125,196.25,199.75,24434000.0
2019-07-29,199.0,199.6300048828125,195.3000030517578,195.94000244140625,16530800.0
2019-07-30,195.38999938964844,198.7100067138672,193.5,197.0399932861328,11903600.0
2019-07-31,196.9499969482422,198.75999450683594,192.67999267578125,194.22999572753906,14593500.0
2019-08-01,194.1699981689453,198.47000122070312,190.8800048828125,192.72999572753906,17777000.0
2019-08-02,191.10000610351562,192.6199951171875,188.07000732421875,189.02000427246094,15297000.0
2019-08-05,184.69000244140625,185.6699981689453,179.33999633789062,181.72999572753906,23086700.0
2019-08-06,183.69000244140625,185.7899932861328,183.08999633789062,184.50999450683594,18035700.0
2019-08-07,183.60000610351562,186.3699951171875,181.22000122070312,185.14999389648438,15833200.0
2019-08-08,186.6199951171875,190.33999633789062,184.0500030517578,190.16000366210938,14828900.0
2019-08-09,190.0,190.97999572753906,187.1199951171875,187.85000610351562,11058800.0
2019-08-12,186.85000610351562,187.58999633789062,184.4600067138672,185.3699951171875,10930900.0
2019-08-13,185.52000427246094,191.3800048828125,185.3699951171875,188.4499969482422,13577000.0
2019-08-14,185.8000030517578,185.99000549316406,179.30999755859375,179.7100067138672,18903700.0
2019-08-15,180.9499969482422,183.1999969482422,180.02999877929688,182.58999633789062,12925900.0
2019-08-16,183.75,185.10000610351562,182.36000061035156,183.6999969482422,12654600.0
2019-08-19,186.00999450683594,187.5,184.85000610351562,186.1699981689453,9691200.0
2019-08-20,185.4499969482422,186.0,182.38999938964844,183.80999755859375,10083400.0
2019-08-21,185.0,185.89999389648438,183.13999938964844,183.5500030517578,8398200.0
2019-08-22,183.42999267578125,184.11000061035156,179.91000366210938,182.0399932861328,10821400.0
2019-08-23,180.83999633789062,183.1300048828125,176.66000366210938,177.75,17323400.0
2019-08-26,179.39999389648438,180.5,178.24000549316406,180.36000061035156,8773600.0
2019-08-27,181.92999267578125,184.0399932861328,181.00999450683594,181.3000030517578,14399600.0
2019-08-28,180.52999877929688,181.9499969482422,178.9199981689453,181.75999450683594,9386100.0
2019-08-29,183.77000427246094,186.0800018310547,183.47000122070312,185.57000732421875,10128700.0
2019-08-30,186.77999877929688,186.8000030517578,183.4600067138672,185.6699981689453,10774500.0
2019-09-03,184.0,185.6699981689453,182.11000061035156,182.38999938964844,9779400.0
2019-09-04,184.64999389648438,187.75,183.88999938964844,187.13999938964844,11308000.0
2019-09-05,188.52999877929688,191.36000061035156,187.94000244140625,190.89999389648438,13876700.0
2019-09-06,190.2100067138672,190.2100067138672,186.35000610351562,187.49000549316406,15226800.0
2019-09-09,187.72999572753906,188.97999572753906,185.85000610351562,188.75999450683594,14722400.0
2019-09-10,187.44000244140625,188.10000610351562,184.5500030517578,186.1699981689453,15455900.0
2019-09-11,186.4600067138672,189.44000244140625,186.0800018310547,188.49000549316406,11761700.0
2019-09-12,189.86000061035156,190.92999267578125,187.22999572753906,187.47000122070312,11419800.0
2019-09-13,187.3300018310547,187.97000122070312,186.5399932861328,187.19000244140625,11441100.0
2019-09-16,186.92999267578125,187.7899932861328,185.77000427246094,186.22000122070312,8444800.0
2019-09-17,186.66000366210938,188.32000732421875,185.5399932861328,188.0800018310547,9671100.0
2019-09-18,188.08999633789062,189.0800018310547,186.00999450683594,188.13999938964844,9681900.0
2019-09-19,188.66000366210938,191.10000610351562,188.14999389648438,190.13999938964844,10392700.0
2019-09-20,190.66000366210938,193.10000610351562,188.1199951171875,189.92999267578125,19934200.0
2019-09-23,189.33999633789062,190.10000610351562,185.2100067138672,186.82000732421875,13327600.0
2019-09-24,187.97999572753906,188.0399932861328,180.38999938964844,181.27999877929688,18546600.0
2019-09-25,181.4499969482422,183.4199981689453,177.8699951171875,182.8000030517578,18068300.0
2019-09-26,181.3300018310547,181.39999389648438,177.6699981689453,180.11000061035156,16083300.0
2019-09-27,180.49000549316406,180.75999450683594,175.66000366210938,177.10000610351562,14656200.0
2019-09-30,177.8699951171875,178.6699981689453,176.85000610351562,178.0800018310547,10740000.0
2019-10-01,179.14999389648438,179.83999633789062,174.8800048828125,175.80999755859375,17073000.0
2019-10-02,174.83999633789062,176.52999877929688,173.08999633789062,174.60000610351562,16151700.0
2019-10-03,175.57000732421875,179.83999633789062,173.6300048828125,179.3800048828125,16086300.0
2019-10-04,179.5500030517578,180.97999572753906,178.10000610351562,180.4499969482422,10430200.0
2019-10-07,180.0,181.17999267578125,178.08999633789062,179.67999267578125,9178300.0
2019-10-08,178.25999450683594,180.3699951171875,177.72000122070312,177.75,9466900.0
2019-10-09,179.16000366210938,180.72000122070312,177.94000244140625,179.85000610351562,7556900.0
2019-10-10,180.32000732421875,181.61000061035156,179.1699981689453,180.02999877929688,8605000.0
2019-10-11,182.14999389648438,186.49000549316406,182.13999938964844,184.19000244140625,14930500.0
2019-10-14,184.1999969482422,184.6199951171875,182.57000732421875,183.27999877929688,7006000.0
2019-10-15,183.8000030517578,190.3800048828125,183.66000366210938,188.88999938964844,15039100.0
2019-10-16,188.32000732421875,189.6999969482422,186.89999389648438,189.5500030517578,10516900.0
2019-10-17,190.3000030517578,190.83999633789062,188.77000427246094,190.38999938964844,9603000.0
2019-10-18,190.22999572753906,191.49000549316406,183.9199981689453,185.85000610351562,16874200.0
2019-10-21,187.0399932861328,189.91000366210938,186.75,189.75999450683594,8122600.0
2019-10-22,190.0,190.64999389648438,181.5,182.33999633789062,19537600.0
2019-10-23,182.00999450683594,186.3800048828125,182.0,186.14999389648438,12300400.0
2019-10-24,184.6199951171875,186.72999572753906,182.8000030517578,186.3800048828125,11413500.0
2019-10-25,185.8300018310547,189.0,185.08999633789062,187.88999938964844,8061200.0
2019-10-28,187.1999969482422,189.52999877929688,185.0800018310547,189.39999389648438,13657900.0
2019-10-29,191.69000244140625,192.52999877929688,188.47000122070312,189.30999755859375,13574900.0
2019-10-30,189.55999755859375,190.4499969482422,185.97999572753906,188.25,28734600.0
2019-10-31,196.6999969482422,198.08999633789062,188.25,191.64999389648438,42286500.0
2019-11-01,192.85000610351562,194.11000061035156,189.91000366210938,193.6199951171875,21711800.0
2019-11-04,194.5500030517578,197.3699951171875,193.80999755859375,194.72000122070312,16371300.0
2019-11-05,195.3699951171875,195.75,193.60000610351562,194.32000732421875,9942000.0
2019-11-06,194.02999877929688,194.3699951171875,191.35000610351562,191.5500030517578,10973000.0
2019-11-07,191.91000366210938,193.44000244140625,189.47000122070312,190.4199981689453,13473000.0
2019-11-08,190.0,192.33999633789062,189.6999969482422,190.83999633789062,10760800.0
2019-11-11,189.92999267578125,190.0800018310547,188.5399932861328,189.61000061035156,8631200.0
2019-11-12,190.0,195.05999755859375,189.74000549316406,194.47000122070312,17615500.0
2019-11-13,194.6999969482422,195.6999969482422,192.74000549316406,193.19000244140625,10860700.0
2019-11-14,192.92999267578125,194.02999877929688,191.4499969482422,193.14999389648438,9040500.0
2019-11-15,194.25999450683594,195.3000030517578,193.3800048828125,195.10000610351562,11524300.0
2019-11-18,194.55999755859375,198.6300048828125,193.0500030517578,197.39999389648438,16167200.0
2019-11-19,197.39999389648438,200.0,196.86000061035156,199.32000732421875,19056800.0
2019-11-20,198.5800018310547,199.58999633789062,195.42999267578125,197.50999450683594,12355400.0
2019-11-21,197.4199981689453,199.08999633789062,196.86000061035156,197.92999267578125,12131000.0
2019-11-22,198.3800048828125,199.3000030517578,197.6199951171875,198.82000732421875,9959800.0
2019-11-25,199.52000427246094,200.97000122070312,199.25,199.7899932861328,15272300.0
2019-11-26,200.0,200.14999389648438,198.0399932861328,198.97000122070312,11735500.0
2019-11-27,199.89999389648438,203.13999938964844,199.4199981689453,202.0,12736600.0
2019-11-29,201.60000610351562,203.8000030517578,201.2100067138672,201.63999938964844,7985200.0
2019-12-02,202.1300048828125,202.17999267578125,198.0500030517578,199.6999969482422,11503400.0
2019-12-03,197.60000610351562,198.92999267578125,195.0800018310547,198.82000732421875,11595300.0
2019-12-04,200.0,200.02999877929688,198.0500030517578,198.7100067138672,8456300.0
2019-12-05,199.86000061035156,201.2899932861328,198.2100067138672,199.36000061035156,9740400.0
2019-12-06,200.5,201.57000732421875,200.05999755859375,201.0500030517578,12270600.0
2019-12-09,200.64999389648438,203.13999938964844,200.2100067138672,201.33999633789062,11954800.0
2019-12-10,201.66000366210938,202.0500030517578,200.14999389648438,200.8699951171875,9475700.0
2019-12-11,200.27999877929688,202.6300048828125,200.27999877929688,202.25999450683594,8036800.0
2019-12-12,202.35000610351562,203.66000366210938,194.10000610351562,196.75,23734800.0
2019-12-13,196.39999389648438,196.8000030517578,193.1699981689453,194.11000061035156,18798000.0
2019-12-16,195.27000427246094,199.1199951171875,194.80999755859375,197.9199981689453,14911500.0
2019-12-17,198.83999633789062,199.0,196.1300048828125,198.38999938964844,10175700.0
2019-12-18,200.08999633789062,204.3000030517578,200.08999633789062,202.5,23274400.0
2019-12-19,202.77999877929688,206.3000030517578,202.50999450683594,206.05999755859375,16514600.0
2019-12-20,207.47999572753906,207.7100067138672,203.42999267578125,206.3000030517578,27306900.0
2019-12-23,206.6999969482422,208.58999633789062,205.67999267578125,206.17999267578125,13348900.0
2019-12-24,206.3000030517578,206.7899932861328,205.0,205.1199951171875,6046300.0
2019-12-26,205.57000732421875,207.82000732421875,205.30999755859375,207.7899932861328,9350700.0
2019-12-27,208.6699981689453,208.92999267578125,206.58999633789062,208.10000610351562,10284200.0
2019-12-30,207.86000061035156,207.89999389648438,203.89999389648438,204.41000366210938,10524300.0
2019-12-31,204.0,205.55999755859375,203.60000610351562,205.25,8953500.0
2020-01-02,206.75,209.7899932861328,206.27000427246094,209.77999877929688,12077100.0
2020-01-03,207.2100067138672,210.39999389648438,206.9499969482422,208.6699981689453,11188400.0
2020-01-06,206.6999969482422,212.77999877929688,206.52000427246094,212.60000610351562,17058900.0
2020-01-07,212.82000732421875,214.5800018310547,211.75,213.05999755859375,14912400.0
2020-01-08,213.0,216.24000549316406,212.61000061035156,215.22000122070312,13475000.0
2020-01-09,217.5399932861328,218.3800048828125,216.27999877929688,218.3000030517578,12642800.0
2020-01-10,219.1999969482422,219.8800048828125,217.4199981689453,218.05999755859375,12119400.0
2020-01-13,219.60000610351562,221.97000122070312,219.2100067138672,221.91000366210938,14463400.0
2020-01-14,221.61000061035156,222.3800048828125,218.6300048828125,219.05999755859375,13288900.0
2020-01-15,220.61000061035156,221.67999267578125,220.13999938964844,221.14999389648438,10036500.0
2020-01-16,222.57000732421875,222.6300048828125,220.38999938964844,221.77000427246094,10015300.0
2020-01-17,222.02999877929688,222.2899932861328,220.52999877929688,222.13999938964844,15905900.0
2020-01-21,222.16000366210938,222.3699951171875,219.1199951171875,221.44000244140625,14275800.0
2020-01-22,222.30999755859375,222.75,221.27999877929688,221.32000732421875,12212800.0
2020-01-23,220.75,221.49000549316406,219.27000427246094,219.75999450683594,11195000.0
2020-01-24,220.8000030517578,221.77999877929688,216.11000061035156,217.94000244140625,11905800.0
2020-01-27,213.10000610351562,216.05999755859375,212.5,214.8699951171875,13810700.0
2020-01-28,216.13999938964844,218.74000549316406,213.52000427246094,217.7899932861328,13413800.0
2020-01-29,221.44000244140625,224.1999969482422,218.4499969482422,223.22999572753906,33181300.0
2020-01-30,206.52999877929688,211.42999267578125,204.75,209.52999877929688,48775500.0
2020-01-31,208.42999267578125,208.69000244140625,201.05999755859375,201.91000366210938,31359900.0
2020-02-03,203.44000244140625,205.13999938964844,202.5,204.19000244140625,15495600.0
2020-02-04,206.6199951171875,210.60000610351562,205.1999969482422,209.8300018310547,19628900.0
2020-02-05,212.50999450683594,212.72999572753906,208.7100067138672,210.11000061035156,12538200.0
2020-02-06,210.47000122070312,211.19000244140625,209.33999633789062,210.85000610351562,10567500.0
2020-02-07,210.3000030517578,212.82000732421875,209.92999267578125,212.3300018310547,12242500.0
2020-02-10,211.52000427246094,213.8000030517578,210.66000366210938,213.05999755859375,11856400.0
2020-02-11,210.19000244140625,210.86000061035156,206.50999450683594,207.19000244140625,25030800.0
2020-02-12,207.85000610351562,211.22000122070312,207.39999389648438,210.75999450683594,13813700.0
2020-02-13,209.52000427246094,214.3300018310547,209.17999267578125,213.13999938964844,15396600.0
2020-02-14,214.0,214.92999267578125,212.64999389648438,214.17999267578125,10741700.0
2020-02-18,213.5500030517578,217.97999572753906,213.39999389648438,217.8000030517578,15609200.0
2020-02-19,217.99000549316406,218.32000732421875,216.11000061035156,217.49000549316406,12135100.0
2020-02-20,216.52000427246094,218.77000427246094,212.9499969482422,214.5800018310547,13109200.0
2020-02-21,213.47999572753906,214.24000549316406,208.8300018310547,210.17999267578125,14092300.0
2020-02-24,201.8000030517578,203.64999389648438,198.1699981689453,200.72000122070312,23080100.0
2020-02-25,202.25,203.5,195.9499969482422,196.77000427246094,21433500.0
2020-02-26,197.19000244140625,201.2100067138672,195.49000549316406,197.1999969482422,16524500.0
2020-02-27,191.82000732421875,195.8800048828125,189.5,189.75,21682600.0
2020-02-28,182.6999969482422,192.74000549316406,181.82000732421875,192.47000122070312,32568900.0
2020-03-02,194.02999877929688,196.57000732421875,188.85000610351562,196.44000244140625,24949000.0
2020-03-03,196.22000122070312,197.24000549316406,183.97000122070312,185.88999938964844,27984100.0
2020-03-04,189.1699981689453,191.8300018310547,186.38999938964844,191.75999450683594,23062500.0
2020-03-05,186.77999877929688,188.99000549316406,183.88999938964844,185.1699981689453,19333400.0
2020-03-06,178.3300018310547,183.77999877929688,176.25999450683594,181.08999633789062,24559600.0
2020-03-09,169.60000610351562,175.0,165.19000244140625,169.5,29949000.0
2020-03-10,174.6699981689453,178.2899932861328,169.5,178.19000244140625,24517800.0
2020-03-11,174.00999450683594,175.8800048828125,167.66000366210938,170.24000549316406,20373900.0
2020-03-12,159.5399932861328,166.60000610351562,154.33999633789062,154.47000122070312,43266300.0
2020-03-13,163.52999877929688,170.7899932861328,157.60000610351562,170.27999877929688,35028600.0
2020-03-16,152.32000732421875,159.1300048828125,143.10000610351562,146.00999450683594,39120400.0
2020-03-17,150.74000549316406,153.94000244140625,140.0,149.4199981689453,34255600.0
2020-03-18,139.75,148.17999267578125,137.10000610351562,146.9600067138672,37553100.0
2020-03-19,146.6199951171875,159.92999267578125,144.8000030517578,153.1300048828125,39862300.0
2020-03-20,156.02000427246094,159.27000427246094,148.0,149.72999572753906,32568400.0
2020-03-23,149.66000366210938,152.30999755859375,142.25,148.10000610351562,29830800.0
2020-03-24,155.2100067138672,161.30999755859375,152.57000732421875,160.97999572753906,30440400.0
2020-03-25,158.9199981689453,162.99000549316406,153.05999755859375,156.2100067138672,35184300.0
2020-03-26,158.25,164.0,157.02000427246094,163.33999633789062,26556800.0
2020-03-27,158.1999969482422,160.08999633789062,154.75,156.7899932861328,24879900.0
2020-03-30,159.17999267578125,166.75,158.05999755859375,165.9499969482422,22515200.0
2020-03-31,165.47999572753906,170.92999267578125,164.1999969482422,166.8000030517578,23676300.0
2020-04-01,161.6199951171875,164.14999389648438,158.0399932861328,159.60000610351562,19507600.0
2020-04-02,159.10000610351562,161.35000610351562,155.9199981689453,158.19000244140625,20886300.0
2020-04-03,157.14999389648438,157.91000366210938,150.8300018310547,154.17999267578125,25983300.0
2020-04-06,160.14999389648438,166.1999969482422,158.50999450683594,165.5500030517578,28453600.0
2020-04-07,171.7899932861328,173.38999938964844,166.00999450683594,168.8300018310547,31411900.0
2020-04-08,171.25,175.0,167.74000549316406,174.27999877929688,21664200.0
2020-04-09,175.89999389648438,177.0800018310547,171.57000732421875,175.19000244140625,23534300.0
2020-04-13,173.6699981689453,175.0,169.4499969482422,174.7899932861328,19355400.0
2020-04-14,178.97999572753906,181.22999572753906,176.6199951171875,178.1699981689453,21011800.0
2020-04-15,175.19000244140625,178.19000244140625,172.82000732421875,176.97000122070312,17423000.0
2020-04-16,177.9499969482422,178.0500030517578,172.50999450683594,176.25,23593200.0
2020-04-17,179.1999969482422,180.27999877929688,176.66000366210938,179.24000549316406,20974800.0
2020-04-20,177.41000366210938,180.5,176.77000427246094,178.24000549316406,16110700.0
2020-04-21,175.25,175.3800048828125,168.33999633789062,170.8000030517578,24850500.0
2020-04-22,178.4499969482422,184.77999877929688,178.13999938964844,182.27999877929688,33242000.0
2020-04-23,184.0800018310547,187.0500030517578,183.14999389648438,185.1300048828125,21426600.0
2020-04-24,183.22999572753906,190.41000366210938,180.8300018310547,190.07000732421875,28792000.0
2020-04-27,192.66000366210938,193.75,187.41000366210938,187.5,29197800.0
2020-04-28,188.66000366210938,189.1999969482422,182.55999755859375,182.91000366210938,21731000.0
2020-04-29,190.92999267578125,196.91000366210938,190.0,194.19000244140625,45954500.0
2020-04-30,206.9199981689453,209.69000244140625,201.57000732421875,204.7100067138672,46230100.0
2020-05-01,201.60000610351562,207.27999877929688,199.0500030517578,202.27000427246094,30415600.0
2020-05-04,200.1999969482422,205.91000366210938,198.75999450683594,205.25999450683594,19250700.0
2020-05-05,207.02000427246094,210.3800048828125,206.5,207.07000732421875,21071200.0
2020-05-06,208.1199951171875,211.60000610351562,206.66000366210938,208.47000122070312,21857000.0
2020-05-07,211.16000366210938,211.60000610351562,209.0399932861328,211.25999450683594,15152000.0
2020-05-08,212.24000549316406,213.2100067138672,210.85000610351562,212.35000610351562,12506000.0
2020-05-11,210.88999938964844,215.0,210.3699951171875,213.17999267578125,12911900.0
2020-05-12,213.2899932861328,215.27999877929688,210.0,210.10000610351562,14704600.0
2020-05-13,209.42999267578125,210.77999877929688,202.11000061035156,205.10000610351562,20684600.0
2020-05-14,202.55999755859375,206.92999267578125,200.69000244140625,206.80999755859375,17178900.0
2020-05-15,205.27000427246094,211.33999633789062,204.1199951171875,210.8800048828125,19383200.0
2020-05-18,212.14999389648438,214.63999938964844,210.94000244140625,213.19000244140625,20151900.0
2020-05-19,213.27000427246094,220.49000549316406,212.8300018310547,216.8800048828125,31843200.0
2020-05-20,223.5,231.33999633789062,223.19000244140625,229.97000122070312,50162900.0
2020-05-21,234.72000122070312,237.1999969482422,231.1999969482422,231.38999938964844,47782600.0
2020-05-22,231.50999450683594,235.99000549316406,228.74000549316406,234.91000366210938,33925600.0
2020-05-26,239.77000427246094,240.89999389648438,231.6699981689453,232.1999969482422,33178300.0
2020-05-27,229.07000732421875,230.55999755859375,221.1300048828125,229.13999938964844,34697600.0
2020-05-28,224.3000030517578,231.6300048828125,224.0,225.4600067138672,29377200.0
2020-05-29,225.1999969482422,227.49000549316406,222.8800048828125,225.08999633789062,23241500.0
2020-06-01,224.58999633789062,232.44000244140625,223.5,231.91000366210938,18223800.0
2020-06-02,230.94000244140625,233.0,226.55999755859375,232.72000122070312,20919000.0
2020-06-03,232.11000061035156,232.64999389648438,228.52999877929688,230.16000366210938,15380300.0
2020-06-04,229.55999755859375,231.6300048828125,224.61000061035156,226.2899932861328,17041500.0
2020-06-05,226.7100067138672,231.35000610351562,225.30999755859375,230.77000427246094,16750400.0
2020-06-08,229.02999877929688,231.5500030517578,227.41000366210938,231.39999389648438,15466500.0
2020-06-09,231.52000427246094,239.77000427246094,230.41000366210938,238.6699981689453,27462900.0
2020-06-10,240.9600067138672,241.2100067138672,235.27999877929688,236.72999572753906,20720700.0
2020-06-11,229.94000244140625,232.88999938964844,223.5500030517578,224.42999267578125,26708200.0
2020-06-12,229.89999389648438,231.66000366210938,224.5,228.5800018310547,22091400.0
2020-06-15,225.08999633789062,233.77000427246094,224.8000030517578,232.5,15340300.0
2020-06-16,237.13999938964844,238.4600067138672,233.0,235.64999389648438,15236700.0
2020-06-17,235.0,237.58999633789062,231.72999572753906,235.52999877929688,19578100.0
2020-06-18,234.99000549316406,236.13999938964844,232.14999389648438,235.94000244140625,15782500.0
2020-06-19,237.7899932861328,240.8300018310547,235.5500030517578,238.7899932861328,30081300.0
2020-06-22,238.55999755859375,240.6999969482422,236.91000366210938,239.22000122070312,18917800.0
2020-06-23,241.27999877929688,245.19000244140625,239.86000061035156,242.24000549316406,24017900.0
2020-06-24,241.1999969482422,243.22000122070312,232.67999267578125,234.02000427246094,20834900.0
2020-06-25,234.6199951171875,237.3000030517578,232.74000549316406,235.67999267578125,18704300.0
2020-06-26,232.63999938964844,233.08999633789062,215.39999389648438,216.0800018310547,76343900.0
2020-06-29,209.75,220.75,207.11000061035156,220.63999938964844,58514300.0
2020-06-30,220.58999633789062,227.5,218.47000122070312,227.07000732421875,33927100.0
2020-07-01,228.5,239.0,227.55999755859375,237.5500030517578,43399700.0
2020-07-02,239.0,240.0,232.61000061035156,233.4199981689453,30633600.0
2020-07-06,233.75999450683594,240.39999389648438,232.27000427246094,240.27999877929688,26206200.0
2020-07-07,239.41000366210938,247.64999389648438,238.82000732421875,240.86000061035156,27887800.0
2020-07-08,238.11000061035156,246.99000549316406,236.58999633789062,243.5800018310547,29791300.0
2020-07-09,245.0,246.52999877929688,239.24000549316406,244.5,22174900.0
2020-07-10,243.69000244140625,245.49000549316406,239.32000732421875,245.07000732421875,22982700.0
2020-07-13,247.00999450683594,250.14999389648438,238.4199981689453,239.0,24674900.0
2020-07-14,236.75999450683594,240.3300018310547,232.02999877929688,239.72999572753906,23378100.0
2020-07-15,241.5500030517578,244.82000732421875,238.0500030517578,240.27999877929688,19133600.0
2020-07-16,238.0,241.75999450683594,236.3300018310547,240.92999267578125,18880700.0
2020-07-17,241.0,244.16000366210938,237.86000061035156,242.02999877929688,18152400.0
2020-07-20,240.05999755859375,246.0500030517578,235.63999938964844,245.4199981689453,20872200.0
2020-07-21,246.22000122070312,246.91000366210938,240.0800018310547,241.75,19364200.0
2020-07-22,240.25999450683594,241.89999389648438,238.1199951171875,239.8699951171875,15427900.0
2020-07-23,239.6300048828125,242.4199981689453,231.75,232.60000610351562,21771800.0
2020-07-24,230.19000244140625,233.49000549316406,226.89999389648438,230.7100067138672,18325800.0
2020-07-27,231.4600067138672,234.9499969482422,230.8300018310547,233.5,13163100.0
2020-07-28,234.6300048828125,234.9600067138672,229.8300018310547,230.1199951171875,14170100.0
2020-07-29,231.13999938964844,233.6999969482422,230.30999755859375,233.2899932861328,13588300.0
2020-07-30,230.22000122070312,234.88999938964844,229.0,234.5,20615300.0
2020-07-31,255.82000732421875,255.85000610351562,249.0,253.6699981689453,53005100.0
2020-08-03,252.64999389648438,255.39999389648438,250.3300018310547,251.9600067138672,23124900.0
2020-08-04,251.55999755859375,252.8000030517578,247.42999267578125,249.8300018310547,17183500.0
2020-08-05,250.19000244140625,252.27000427246094,247.77000427246094,249.1199951171875,13050100.0
2020-08-06,249.0399932861328,266.6000061035156,248.6699981689453,265.2799987792969,45241600.0
2020-08-07,264.0799865722656,278.8900146484375,263.42999267578125,268.44000244140625,72766400.0
2020-08-10,268.0400085449219,273.8599853515625,259.69000244140625,263.0,30248800.0
2020-08-11,260.19000244140625,265.9200134277344,255.1300048828125,256.1300048828125,28238300.0
2020-08-12,258.9700012207031,263.8999938964844,258.1099853515625,259.8900146484375,21415700.0
2020-08-13,261.54998779296875,265.1600036621094,259.57000732421875,261.29998779296875,17374000.0
2020-08-14,262.30999755859375,262.6499938964844,258.67999267578125,261.239990234375,14792700.0
2020-08-17,262.5,264.1000061035156,259.3999938964844,261.1600036621094,13351100.0
2020-08-18,260.95001220703125,265.1499938964844,259.260009765625,262.3399963378906,18690400.0
2020-08-19,261.3900146484375,267.9100036621094,261.3500061035156,262.5899963378906,23291500.0
2020-08-20,261.5,269.6300048828125,261.4599914550781,269.010009765625,20299700.0
2020-08-21,268.69000244140625,270.489990234375,266.4200134277344,267.010009765625,15538600.0
2020-08-24,271.07000732421875,277.25,268.7699890136719,271.3900146484375,23685600.0
2020-08-25,272.4100036621094,283.0899963378906,270.260009765625,280.82000732421875,42127200.0
2020-08-26,284.0,304.6700134277344,284.0,303.9100036621094,69015200.0
2020-08-27,300.1600036621094,301.2300109863281,292.0199890136719,293.2200012207031,30301300.0
2020-08-28,295.0,297.2300109863281,290.9800109863281,293.6600036621094,17157400.0
2020-08-31,293.95001220703125,296.8800048828125,291.54998779296875,293.20001220703125,17345100.0
2020-09-01,294.7099914550781,301.489990234375,292.7099914550781,295.44000244140625,17295900.0
2020-09-02,298.8800048828125,303.6000061035156,293.04998779296875,302.5,24341400.0
2020-09-03,295.989990234375,297.6000061035156,283.6300048828125,291.1199951171875,32294100.0
2020-09-04,287.25,289.0,271.1400146484375,282.7300109863281,30333700.0
2020-09-08,271.2799987792969,279.29998779296875,269.4200134277344,271.1600036621094,24864000.0
2020-09-09,275.7699890136719,278.4800109863281,271.3500061035156,273.7200012207031,22918800.0
2020-09-10,275.510009765625,279.1600036621094,267.0299987792969,268.0899963378906,24814700.0
2020-09-11,270.05999755859375,271.3900146484375,262.6400146484375,266.6099853515625,18913900.0
2020-09-14,270.95001220703125,276.6400146484375,265.70001220703125,266.1499938964844,24093800.0
2020-09-15,270.6700134277344,274.5199890136719,269.29998779296875,272.4200134277344,18478500.0
2020-09-16,267.2900085449219,272.44000244140625,261.7900085449219,263.5199890136719,29183400.0
2020-09-17,258.2799987792969,261.5,250.19000244140625,254.82000732421875,31281400.0
2020-09-18,258.3999938964844,259.20001220703125,250.0500030517578,252.52999877929688,28130800.0
2020-09-21,247.5399932861328,249.9499969482422,244.1300048828125,248.14999389648438,24709400.0
2020-09-22,253.30999755859375,255.32000732421875,248.22000122070312,254.75,30293100.0
2020-09-23,255.25999450683594,257.989990234375,248.14999389648438,249.02000427246094,19641300.0
2020-09-24,246.5,252.24000549316406,245.6199951171875,249.52999877929688,20006800.0
2020-09-25,249.39999389648438,255.75,246.61000061035156,254.82000732421875,18351300.0
2020-09-28,259.3999938964844,259.6000061035156,254.82000732421875,256.82000732421875,18826300.0
2020-09-29,257.80999755859375,263.3299865722656,256.8999938964844,261.7900085449219,20200200.0
2020-09-30,261.9800109863281,266.0799865722656,260.1000061035156,261.8999938964844,20142500.0
2020-10-01,265.3500061035156,268.3299865722656,264.79998779296875,266.6300048828125,20009800.0
2020-10-02,261.2099914550781,265.1499938964844,259.17999267578125,259.94000244140625,16367600.0
2020-10-05,262.20001220703125,264.8699951171875,260.8399963378906,264.6499938964844,12822300.0
2020-10-06,261.7799987792969,265.69000244140625,258.239990234375,258.6600036621094,18696900.0
2020-10-07,259.2099914550781,260.17999267578125,254.82000732421875,258.1199951171875,23133400.0
2020-10-08,259.75,264.6199951171875,259.1499938964844,263.760009765625,16312800.0
2020-10-09,264.5199890136719,264.75,262.1700134277344,264.45001220703125,14107800.0
2020-10-12,270.20001220703125,280.17999267578125,267.8699951171875,275.75,31019300.0
2020-10-13,277.5799865722656,279.1000061035156,273.3900146484375,276.1400146484375,18063300.0
2020-10-14,277.6199951171875,278.75,271.5,271.82000732421875,15577800.0
2020-10-15,267.6000061035156,269.0400085449219,263.6700134277344,266.7200012207031,15416100.0
2020-10-16,267.3800048828125,271.3699951171875,265.29998779296875,265.92999267578125,16622700.0
2020-10-19,265.5299987792969,268.54998779296875,259.8800048828125,261.3999938964844,13587000.0
2020-10-20,263.05999755859375,269.70001220703125,262.8800048828125,267.55999755859375,18763200.0
2020-10-21,279.55999755859375,283.04998779296875,276.3699951171875,278.7300109863281,28998600.0
2020-10-22,279.8699951171875,282.45001220703125,275.0400085449219,278.1199951171875,16720000.0
2020-10-23,278.79998779296875,285.239990234375,276.82000732421875,284.7900085449219,17535200.0
2020-10-26,283.1600036621094,285.2300109863281,274.260009765625,277.1099853515625,21322900.0
2020-10-27,278.760009765625,284.510009765625,276.30999755859375,283.2900085449219,16287200.0
2020-10-28,278.7900085449219,278.7900085449219,267.260009765625,267.6700134277344,23121800.0
2020-10-29,276.54998779296875,283.6000061035156,273.7799987792969,280.8299865722656,32368100.0
2020-10-30,274.5,276.70001220703125,259.1000061035156,263.1099853515625,47247800.0
2020-11-02,264.6000061035156,270.4700012207031,257.3399963378906,261.3599853515625,27165700.0
2020-11-03,263.1600036621094,270.04998779296875,260.8800048828125,265.29998779296875,17961900.0
2020-11-04,281.0,288.94000244140625,278.6199951171875,287.3800048828125,35364400.0
2020-11-05,291.8999938964844,297.3800048828125,288.95001220703125,294.67999267578125,23823600.0
2020-11-06,293.95001220703125,294.6000061035156,288.05999755859375,293.4100036621094,13891000.0
2020-11-09,289.8699951171875,292.5799865722656,278.5299987792969,278.7699890136719,25117700.0
2020-11-10,273.1000061035156,274.0,264.0,272.42999267578125,29067700.0
2020-11-11,273.4700012207031,278.3999938964844,272.4800109863281,276.4800109863281,14957000.0
2020-11-12,277.17999267578125,279.75,274.42999267578125,275.0799865722656,12899500.0
2020-11-13,277.7200012207031,277.760009765625,273.1000061035156,276.95001220703125,10391200.0
2020-11-16,275.04998779296875,279.4100036621094,274.6300048828125,278.9599914550781,12970400.0
2020-11-17,277.67999267578125,277.67999267578125,273.2900085449219,275.0,15040300.0
2020-11-18,274.5199890136719,277.3900146484375,271.8399963378906,271.9700012207031,12152900.0
2020-11-19,271.0199890136719,273.4700012207031,269.19000244140625,272.94000244140625,12963700.0
2020-11-20,272.55999755859375,273.0,269.4100036621094,269.70001220703125,18114700.0
2020-11-23,270.8900146484375,270.95001220703125,264.5299987792969,268.42999267578125,20990800.0
2020-11-24,268.489990234375,277.82000732421875,267.8699951171875,276.9200134277344,16930400.0
2020-11-25,278.1400146484375,280.17999267578125,272.6499938964844,275.5899963378906,12467000.0
2020-11-27,277.3900146484375,279.1300048828125,274.82000732421875,277.80999755859375,7808400.0
2020-11-30,276.0299987792969,277.70001220703125,271.010009765625,276.9700012207031,16693300.0
2020-12-01,279.1600036621094,289.29998779296875,278.9599914550781,286.54998779296875,20738900.0
2020-12-02,285.3599853515625,291.7799987792969,280.8299865722656,287.5199890136719,17361600.0
2020-12-03,286.25,286.6499938964844,281.07000732421875,281.8500061035156,12921700.0
2020-12-04,280.29998779296875,283.4599914550781,279.29998779296875,279.70001220703125,10880300.0
2020-12-07,279.19000244140625,288.489990234375,278.20001220703125,285.5799865722656,13007700.0
2020-12-08,286.010009765625,286.42999267578125,281.54998779296875,283.3999938964844,10747700.0
2020-12-09,283.6600036621094,287.6300048828125,271.75,277.9200134277344,25189700.0
2020-12-10,275.5400085449219,278.7300109863281,271.8599853515625,277.1199951171875,20065100.0
2020-12-11,274.5299987792969,276.4800109863281,270.25,273.54998779296875,14391400.0
2020-12-14,273.3699951171875,277.2200012207031,271.55999755859375,274.19000244140625,16376900.0
2020-12-15,274.8299865722656,276.0799865722656,267.4700012207031,275.54998779296875,23979500.0
2020-12-16,274.760009765625,277.8599853515625,272.510009765625,275.6700134277344,15885000.0
2020-12-17,277.07000732421875,280.44000244140625,273.6099853515625,274.4800109863281,16377800.0
2020-12-18,275.7699890136719,278.0,271.1400146484375,276.3999938964844,26693200.0
2020-12-21,272.9800109863281,274.6700134277344,267.7900085449219,272.7900085449219,16553700.0
2020-12-22,271.5,271.5,264.6300048828125,267.0899963378906,17312900.0
2020-12-23,266.8900146484375,272.1700134277344,266.2300109863281,268.1099853515625,14329000.0
2020-12-24,268.8800048828125,270.3999938964844,266.20001220703125,267.3999938964844,6702000.0
2020-12-28,268.739990234375,277.29998779296875,265.6600036621094,277.0,23299700.0
2020-12-29,276.95001220703125,280.510009765625,276.2799987792969,276.7799987792969,16383000.0
2020-12-30,277.95001220703125,278.0799865722656,271.7099914550781,271.8699951171875,11803800.0
2020-12-31,272.0,277.0899963378906,269.80999755859375,273.1600036621094,12900400.0
2021-01-04,274.7799987792969,275.0,265.20001220703125,268.94000244140625,15106100.0
2021-01-05,268.2900085449219,272.3999938964844,268.2099914550781,270.9700012207031,9871600.0
2021-01-06,262.0,267.75,260.010009765625,263.30999755859375,24354100.0
2021-01-07,265.8999938964844,271.6099853515625,264.7799987792969,268.739990234375,15789800.0
2021-01-08,268.30999755859375,268.95001220703125,263.17999267578125,267.57000732421875,18528300.0
2021-01-11,260.4800109863281,263.4700012207031,255.89999389648438,256.8399963378906,30412300.0
2021-01-12,256.6300048828125,259.7200012207031,250.3000030517578,251.08999633789062,26383500.0
2021-01-13,251.5500030517578,253.9499969482422,249.1999969482422,251.63999938964844,19528900.0
2021-01-14,253.39999389648438,255.02999877929688,244.61000061035156,245.63999938964844,29739400.0
2021-01-15,247.89999389648438,253.86000061035156,247.16000366210938,251.36000061035156,24942900.0
2021-01-19,256.8999938964844,262.20001220703125,252.72000122070312,261.1000061035156,28028500.0
2021-01-20,268.92999267578125,270.32000732421875,263.6000061035156,267.4800109863281,25199900.0
2021-01-21,269.260009765625,273.6000061035156,267.489990234375,272.8699951171875,20838700.0
2021-01-22,272.010009765625,278.4700012207031,272.0,274.5,21954000.0
2021-01-25,278.1400146484375,280.1000061035156,271.510009765625,278.010009765625,19087000.0
2021-01-26,278.1400146484375,285.3900146484375,277.80999755859375,282.04998779296875,19373600.0
2021-01-27,282.5299987792969,283.45001220703125,268.1199951171875,272.1400146484375,35346200.0
2021-01-28,277.17999267578125,286.7900085449219,264.70001220703125,265.0,37758800.0
2021-01-29,265.29998779296875,266.55999755859375,254.85000610351562,258.3299865722656,30389500.0
2021-02-01,259.5199890136719,264.1700134277344,254.91000366210938,262.010009765625,22914300.0
2021-02-02,264.0,268.8500061035156,263.2699890136719,267.0799865722656,17320800.0
2021-02-03,265.6199951171875,269.20001220703125,263.8399963378906,266.6499938964844,14223400.0
2021-02-04,267.010009765625,268.1600036621094,264.0,266.489990234375,16060000.0
2021-02-05,266.79998779296875,269.1700134277344,265.6700134277344,268.1000061035156,12454400.0
2021-02-08,268.75,269.8599853515625,265.0,266.5799865722656,13755200.0
2021-02-09,266.44000244140625,273.3900146484375,265.75,269.45001220703125,14613400.0
2021-02-10,272.45001220703125,273.79998779296875,267.7200012207031,271.8699951171875,14687200.0
2021-02-11,271.8900146484375,273.5799865722656,268.489990234375,270.3900146484375,12828600.0
2021-02-12,270.5199890136719,271.17999267578125,268.3399963378906,270.5,9097600.0
2021-02-16,270.79998779296875,276.6000061035156,270.04998779296875,273.9700012207031,15417200.0
2021-02-17,271.239990234375,273.9700012207031,269.5799865722656,273.57000732421875,12763200.0
2021-02-18,269.57000732421875,271.95001220703125,266.0299987792969,269.3900146484375,15249100.0
2021-02-19,269.8599853515625,270.2699890136719,260.1499938964844,261.55999755859375,25622600.0
2021-02-22,257.95001220703125,263.07000732421875,257.5299987792969,260.3299865722656,17434900.0
2021-02-23,259.5,267.4599914550781,254.9600067138672,265.8599853515625,21924600.0
2021-02-24,262.3299865722656,266.3800048828125,258.3900146484375,264.30999755859375,15736100.0
2021-02-25,262.29998779296875,266.94000244140625,254.0399932861328,254.69000244140625,19053100.0
2021-02-26,256.4700012207031,265.54998779296875,256.4700012207031,257.6199951171875,26619500.0
2021-03-01,260.82000732421875,266.6499938964844,257.8999938964844,264.9100036621094,22157300.0
2021-03-02,265.7799987792969,266.7099914550781,258.6499938964844,259.0,15191700.0
2021-03-03,260.2900085449219,260.989990234375,255.10000610351562,255.41000366210938,15513500.0
2021-03-04,256.4700012207031,266.489990234375,253.5,257.6400146484375,31626500.0
2021-03-05,260.6700134277344,265.45001220703125,255.61000061035156,264.2799987792969,26820100.0
2021-03-08,265.54998779296875,265.5799865722656,255.0500030517578,255.30999755859375,18391800.0
2021-03-09,261.17999267578125,268.5299987792969,259.80999755859375,265.739990234375,22039700.0
2021-03-10,268.6400146484375,268.9700012207031,262.8699951171875,264.8999938964844,14210300.0
2021-03-11,268.1099853515625,277.8999938964844,267.82000732421875,273.8800048828125,21834000.0
2021-03-12,269.1400146484375,269.739990234375,264.0199890136719,268.3999938964844,20600200.0
2021-03-15,269.0799865722656,275.9599914550781,268.5,273.75,16844800.0
2021-03-16,276.0799865722656,282.1400146484375,274.79998779296875,279.2799987792969,22437700.0
2021-03-17,275.7099914550781,286.2300109863281,275.4100036621094,284.010009765625,21315000.0
2021-03-18,279.8699951171875,285.19000244140625,278.2799987792969,278.6199951171875,18728300.0
2021-03-19,281.2200012207031,292.79998779296875,281.20001220703125,290.1099853515625,38930500.0
2021-03-22,290.45001220703125,299.7099914550781,286.75,293.5400085449219,28273100.0
2021-03-23,293.1499938964844,298.0,289.80999755859375,290.6300048828125,23000900.0
2021-03-24,291.0,291.7200012207031,281.1600036621094,282.1400146484375,18675000.0
2021-03-25,280.9800109863281,288.05999755859375,277.75,278.739990234375,24505600.0
2021-03-26,278.29998779296875,284.5,277.7699890136719,283.0199890136719,17629200.0
2021-03-29,285.7699890136719,293.17999267578125,284.70001220703125,290.82000732421875,21718800.0
2021-03-30,289.8299865722656,292.4700012207031,286.70001220703125,288.0,17474500.0
2021-03-31,289.989990234375,296.5,288.6099853515625,294.5299987792969,19498200.0
2021-04-01,298.3999938964844,302.3999938964844,296.6000061035156,298.6600036621094,17616000.0
2021-04-05,300.8900146484375,310.7699890136719,300.67999267578125,308.9100036621094,28237000.0
2021-04-06,308.8399963378906,311.3500061035156,305.25,306.260009765625,17335200.0
2021-04-07,306.3399963378906,314.25,305.5,313.0899963378906,22855200.0
2021-04-08,314.8500061035156,315.8800048828125,310.04998779296875,313.0199890136719,20894100.0
2021-04-09,311.3999938964844,314.739990234375,310.3299865722656,312.4599914550781,15988600.0
2021-04-12,311.04998779296875,312.1499938964844,307.92999267578125,311.5400085449219,10881900.0
2021-04-13,312.2099914550781,314.42999267578125,309.32000732421875,309.760009765625,14036900.0
2021-04-14,307.29998779296875,308.0299987792969,301.95001220703125,302.82000732421875,17421400.0
2021-04-15,306.3399963378906,310.1400146484375,304.1000061035156,307.82000732421875,14558300.0
2021-04-16,308.1700134277344,308.95001220703125,304.6099853515625,306.17999267578125,13059200.0
2021-04-19,305.010009765625,307.70001220703125,300.55999755859375,302.239990234375,14553500.0
2021-04-20,301.989990234375,305.1000061035156,297.2099914550781,302.6499938964844,16796400.0
2021-04-21,301.95001220703125,301.9800109863281,297.3900146484375,301.4700012207031,14863500.0
2021-04-22,301.3299865722656,302.9200134277344,296.0400085449219,296.5199890136719,16375400.0
2021-04-23,298.760009765625,302.5899963378906,297.1499938964844,301.1300048828125,17536800.0
2021-04-26,303.3399963378906,305.79998779296875,301.55999755859375,303.0400085449219,16172600.0
2021-04-27,304.2799987792969,305.3399963378906,301.1099853515625,303.57000732421875,15309300.0
2021-04-28,307.3599853515625,310.9200134277344,305.3699951171875,307.1000061035156,33907200.0
2021-04-29,330.1199951171875,331.80999755859375,321.6099853515625,329.510009765625,56526800.0
2021-04-30,326.1400146484375,329.82000732421875,324.5,325.0799865722656,26332400.0
2021-05-03,326.1700134277344,328.54998779296875,321.8399963378906,322.5799865722656,18719500.0
2021-05-04,320.0199890136719,322.19000244140625,313.1199951171875,318.3599853515625,24032600.0
2021-05-05,318.19000244140625,321.05999755859375,314.489990234375,315.0199890136719,15577600.0
2021-05-06,314.5199890136719,320.239990234375,313.2699890136719,320.0199890136719,19012200.0
2021-05-07,322.3800048828125,322.94000244140625,318.75,319.0799865722656,15916700.0
2021-05-10,314.3500061035156,314.5799865722656,304.8299865722656,305.9700012207031,24239200.0
2021-05-11,300.75,306.8399963378906,299.69000244140625,306.5299987792969,18920100.0
2021-05-12,301.1300048828125,304.9599914550781,298.19000244140625,302.54998779296875,24645500.0
2021-05-13,306.0799865722656,308.8599853515625,302.7699890136719,305.260009765625,18079200.0
2021-05-14,309.5400085449219,316.8500061035156,309.0799865722656,315.94000244140625,19245700.0
2021-05-17,313.54998779296875,315.67999267578125,311.5799865722656,315.4599914550781,15401300.0
2021-05-18,315.5899963378906,316.5,309.80999755859375,309.9599914550781,14522400.0
2021-05-19,304.19000244140625,314.6600036621094,303.57000732421875,313.5899963378906,19106200.0
2021-05-20,313.5799865722656,319.25,313.1600036621094,318.6099853515625,17320200.0
2021-05-21,319.2900085449219,319.92999267578125,315.80999755859375,316.2300109863281,13600900.0
2021-05-24,318.2099914550781,325.95001220703125,318.0299987792969,324.6300048828125,16445400.0
2021-05-25,327.0799865722656,329.17999267578125,324.79998779296875,327.7900085449219,16437000.0
2021-05-26,328.3500061035156,329.8299865722656,325.82000732421875,327.6600036621094,9686900.0
2021-05-27,328.0,333.7799987792969,326.760009765625,332.75,20477700.0
2021-05-28,331.0,332.8699951171875,328.3299865722656,328.7300109863281,12037400.0
2021-06-01,330.1499938964844,331.4200134277344,326.6400146484375,329.1300048828125,11765900.0
2021-06-02,330.3800048828125,331.8699951171875,327.1199951171875,329.1499938964844,11654300.0
2021-06-03,325.7799987792969,327.3800048828125,323.4800109863281,326.0400085449219,12610800.0
2021-06-04,325.8999938964844,332.4599914550781,325.17999267578125,330.3500061035156,13289400.0
2021-06-07,329.4800109863281,337.69000244140625,328.92999267578125,336.5799865722656,20136700.0
2021-06-08,336.70001220703125,338.29998779296875,332.239990234375,333.67999267578125,14580500.0
2021-06-09,335.739990234375,336.79998779296875,330.0,330.25,13727900.0
2021-06-10,330.7900085449219,333.94000244140625,328.54998779296875,332.4599914550781,13240200.0
2021-06-11,332.5799865722656,332.8299865722656,328.92999267578125,331.260009765625,13587900.0
2021-06-14,331.8999938964844,336.82000732421875,329.80999755859375,336.7699890136719,12250800.0
2021-06-15,336.989990234375,339.9200134277344,335.0299987792969,336.75,15795200.0
2021-06-16,336.70001220703125,337.54998779296875,328.7200012207031,331.0799865722656,17232200.0
2021-06-17,330.489990234375,337.9800109863281,330.1499938964844,336.510009765625,17794100.0
2021-06-18,334.5299987792969,336.1499938964844,329.0,329.6600036621094,23039500.0
2021-06-21,331.0899963378906,332.9200134277344,327.6499938964844,332.2900085449219,11337500.0
2021-06-22,332.69000244140625,339.9200134277344,332.6000061035156,339.0299987792969,15345300.0
2021-06-23,339.3500061035156,343.4200134277344,338.20001220703125,340.5899963378906,14817800.0
2021-06-24,341.8500061035156,344.8999938964844,341.7900085449219,343.17999267578125,12329100.0
2021-06-25,342.5899963378906,344.1199951171875,339.67999267578125,341.3699951171875,14594400.0
2021-06-28,342.4599914550781,358.1400146484375,341.7699890136719,355.6400146484375,29156100.0
2021-06-29,356.2699890136719,356.739990234375,349.04998779296875,351.8900146484375,21417300.0
2021-06-30,352.1700134277344,352.9200134277344,347.1700134277344,347.7099914550781,15107500.0
2021-07-01,346.82000732421875,354.6700134277344,346.5,354.3900146484375,17137000.0
2021-07-02,355.1000061035156,356.44000244140625,352.6199951171875,354.70001220703125,11521300.0
2021-07-06,356.5,358.7900085449219,349.17999267578125,352.7799987792969,13488500.0
2021-07-07,355.260009765625,356.489990234375,350.0,350.489990234375,14218900.0
2021-07-08,345.7300109863281,348.3299865722656,342.55999755859375,345.6499938964844,14406500.0
2021-07-09,345.32000732421875,350.7099914550781,345.2699890136719,350.4200134277344,13018700.0
2021-07-12,351.2300109863281,354.19000244140625,349.6400146484375,353.1600036621094,10018600.0
2021-07-13,351.5,358.489990234375,348.79998779296875,352.0899963378906,11456000.0
2021-07-14,354.55999755859375,355.20001220703125,346.7300109863281,347.6300048828125,13894200.0
2021-07-15,349.2300109863281,349.2300109863281,340.2200012207031,344.4599914550781,14781600.0
2021-07-16,344.9100036621094,345.989990234375,340.1400146484375,341.1600036621094,11026100.0
2021-07-19,337.57000732421875,339.7900085449219,334.5400085449219,336.95001220703125,14372300.0
2021-07-20,338.79998779296875,343.45001220703125,334.5,341.6600036621094,11024300.0
2021-07-21,341.5,346.5199890136719,341.25,346.2300109863281,9279700.0
2021-07-22,346.67999267578125,351.5400085449219,345.2099914550781,351.19000244140625,12385400.0
2021-07-23,360.9100036621094,375.3299865722656,357.19000244140625,369.7900085449219,33694300.0
2021-07-26,369.5799865722656,374.44000244140625,368.2200012207031,372.4599914550781,14925200.0
2021-07-27,371.9100036621094,373.1499938964844,364.54998779296875,367.80999755859375,15705400.0
2021-07-28,374.55999755859375,377.54998779296875,366.92999267578125,373.2799987792969,29676900.0
2021-07-29,361.0,365.5199890136719,356.739990234375,358.32000732421875,33413200.0
2021-07-30,354.0,360.7300109863281,352.94000244140625,356.29998779296875,15976200.0
2021-08-02,358.1000061035156,359.3999938964844,350.739990234375,351.95001220703125,13180400.0
2021-08-03,352.7300109863281,353.7699890136719,347.70001220703125,351.239990234375,12406100.0
2021-08-04,352.4200134277344,360.4800109863281,351.510009765625,358.9200134277344,14180600.0
2021-08-05,359.6400146484375,363.8999938964844,356.8999938964844,362.9700012207031,10247200.0
2021-08-06,361.3999938964844,365.1499938964844,361.3999938964844,363.510009765625,8925000.0
2021-08-09,363.760009765625,365.7799987792969,360.75,361.6099853515625,7798900.0
2021-08-10,361.8299865722656,364.1000061035156,359.0400085449219,361.1300048828125,7469900.0
2021-08-11,362.1000061035156,362.3599853515625,357.80999755859375,359.9599914550781,8400300.0
2021-08-12,358.45001220703125,363.0,357.1099853515625,362.6499938964844,7170700.0
2021-08-13,362.9700012207031,364.6600036621094,361.4800109863281,363.17999267578125,7195700.0
2021-08-16,362.5199890136719,366.95001220703125,357.3800048828125,366.55999755859375,11222100.0
2021-08-17,362.9800109863281,364.6700134277344,355.07000732421875,358.45001220703125,12328700.0
2021-08-18,356.25,359.8599853515625,355.1499938964844,355.45001220703125,10042400.0
2021-08-19,351.3500061035156,357.57000732421875,351.0,355.1199951171875,12004500.0
2021-08-20,354.6000061035156,359.989990234375,353.30999755859375,359.3699951171875,8697700.0
2021-08-23,359.44000244140625,365.69000244140625,359.1000061035156,363.3500061035156,10942000.0
2021-08-24,363.6600036621094,367.9599914550781,361.8399963378906,365.510009765625,9235100.0
2021-08-25,365.6000061035156,370.8599853515625,365.3999938964844,368.3900146484375,9684500.0
2021-08-26,368.3800048828125,369.44000244140625,364.1300048828125,364.3800048828125,7888700.0
2021-08-27,365.1000061035156,373.739990234375,364.0799865722656,372.6300048828125,11219100.0
2021-08-30,372.55999755859375,381.489990234375,370.5199890136719,380.6600036621094,13547300.0
2021-08-31,379.95001220703125,382.760009765625,378.79998779296875,379.3800048828125,12345400.0
2021-09-01,379.5899963378906,384.3299865722656,378.80999755859375,382.04998779296875,11567200.0
2021-09-02,381.5,381.75,374.05999755859375,375.2799987792969,14832900.0
2021-09-03,374.75,377.1600036621094,373.1099853515625,376.260009765625,7509600.0
2021-09-07,375.8800048828125,382.9599914550781,373.1499938964844,382.17999267578125,10793800.0
2021-09-08,380.1600036621094,380.8699951171875,374.7900085449219,377.57000732421875,11067200.0
2021-09-09,377.6400146484375,379.8299865722656,376.57000732421875,378.0,9098900.0
2021-09-10,381.3599853515625,383.7900085449219,378.260009765625,378.69000244140625,11549600.0
2021-09-13,381.67999267578125,381.75,374.3500061035156,376.510009765625,13026300.0
2021-09-14,377.3999938964844,378.5899963378906,375.1099853515625,376.5299987792969,8711600.0
2021-09-15,377.0,377.55999755859375,367.6700134277344,373.9200134277344,17940300.0
2021-09-16,372.7900085449219,373.55999755859375,369.7099914550781,373.05999755859375,11934200.0
2021-09-17,371.4100036621094,371.4100036621094,361.5899963378906,364.7200012207031,26299000.0
2021-09-20,359.29998779296875,361.0299987792969,349.79998779296875,355.70001220703125,19822800.0
2021-09-21,358.5,360.0400085449219,355.19000244140625,357.4800109863281,11751900.0
2021-09-22,347.2300109863281,349.8399963378906,340.69000244140625,343.2099914550781,43692900.0
2021-09-23,345.3599853515625,349.6700134277344,343.0,345.9599914550781,21806300.0
2021-09-24,343.239990234375,354.3500061035156,342.3699951171875,352.9599914550781,18801900.0
2021-09-27,349.80999755859375,355.1499938964844,347.0799865722656,353.5799865722656,15205800.0
2021-09-28,347.9700012207031,349.6000061035156,338.9200134277344,340.6499938964844,21710300.0
2021-09-29,343.1499938964844,345.2300109863281,338.8800048828125,339.6099853515625,14452200.0
2021-09-30,340.45001220703125,342.79998779296875,338.1499938964844,339.3900146484375,16547100.0
2021-10-01,341.6099853515625,345.0199890136719,338.6400146484375,343.010009765625,14905300.0
2021-10-04,335.5299987792969,335.94000244140625,322.70001220703125,326.2300109863281,42885000.0
2021-10-05,328.5799865722656,335.17999267578125,326.1600036621094,332.9599914550781,35377900.0
2021-10-06,329.739990234375,334.3800048828125,325.79998779296875,333.6400146484375,26443000.0
2021-10-07,337.0,338.8399963378906,328.9800109863281,329.2200012207031,28307500.0
2021-10-08,331.510009765625,333.3999938964844,328.7099914550781,330.04998779296875,15946100.0
2021-10-11,327.6300048828125,330.4599914550781,325.30999755859375,325.45001220703125,14708200.0
2021-10-12,323.0299987792969,324.3800048828125,317.3699951171875,323.7699890136719,31658700.0
2021-10-13,326.9700012207031,327.0,322.6600036621094,324.5400085449219,14761500.0
2021-10-14,328.3599853515625,330.5199890136719,327.1000061035156,328.5299987792969,14302200.0
2021-10-15,328.67999267578125,329.07000732421875,322.510009765625,324.760009765625,21596400.0
2021-10-18,328.95001220703125,335.8900146484375,327.5,335.3399963378906,21585000.0
2021-10-19,339.6499938964844,342.4599914550781,337.2799987792969,339.989990234375,18786300.0
2021-10-20,343.45001220703125,343.9800109863281,339.45001220703125,340.7799987792969,13639500.0
2021-10-21,340.2799987792969,342.30999755859375,337.79998779296875,341.8800048828125,16354400.0
2021-10-22,326.3500061035156,329.6300048828125,321.1099853515625,324.6099853515625,35224500.0
2021-10-25,320.29998779296875,329.55999755859375,319.7200012207031,328.69000244140625,38409000.0
2021-10-26,328.260009765625,330.2099914550781,309.6000061035156,315.80999755859375,65654000.0
2021-10-27,314.19000244140625,319.25,312.05999755859375,312.2200012207031,29971800.0
2021-10-28,312.989990234375,325.5199890136719,308.1099853515625,316.9200134277344,50806800.0
2021-10-29,320.19000244140625,326.0,319.6000061035156,323.57000732421875,37059400.0
2021-11-01,326.0400085449219,333.45001220703125,326.0,329.9800109863281,31518900.0
2021-11-02,331.3800048828125,334.7900085449219,323.79998779296875,328.0799865722656,28353000.0
2021-11-03,327.489990234375,332.1499938964844,323.20001220703125,331.6199951171875,20786500.0
2021-11-04,334.010009765625,337.2699890136719,332.6499938964844,335.8500061035156,22495300.0
2021-11-05,340.30999755859375,346.7900085449219,339.6400146484375,341.1300048828125,26872800.0
2021-11-08,344.4200134277344,344.7900085449219,338.3399963378906,338.6199951171875,18342500.0
2021-11-09,340.0,341.30999755859375,334.4700012207031,335.3699951171875,17556700.0
2021-11-10,332.489990234375,333.19000244140625,325.510009765625,327.6400146484375,21872600.0
2021-11-11,329.82000732421875,332.4599914550781,327.0,327.739990234375,12376600.0
2021-11-12,330.17999267578125,341.8599853515625,329.7799987792969,340.8900146484375,25414300.0
2021-11-15,344.3399963378906,353.6499938964844,343.20001220703125,347.55999755859375,25076600.0
2021-11-16,343.8299865722656,346.6499938964844,340.8699951171875,342.9599914550781,18181100.0
2021-11-17,344.239990234375,347.29998779296875,340.1000061035156,340.7699890136719,13602800.0
2021-11-18,339.7200012207031,342.4599914550781,335.29998779296875,338.69000244140625,17487200.0
2021-11-19,342.20001220703125,352.1000061035156,339.8999938964844,345.29998779296875,26488500.0
2021-11-22,349.04998779296875,353.8299865722656,340.510009765625,341.010009765625,27116800.0
2021-11-23,338.92999267578125,341.3999938964844,333.5,337.25,17225000.0
2021-11-24,336.0,341.7799987792969,332.80999755859375,341.05999755859375,13566200.0
2021-11-26,335.79998779296875,337.75,331.8999938964844,333.1199951171875,14750700.0
2021-11-29,336.8900146484375,340.6700134277344,335.30999755859375,338.0299987792969,16650900.0
2021-11-30,335.0,335.80999755859375,323.42999267578125,324.4599914550781,25390000.0
2021-12-01,330.2900085449219,330.5,310.2900085449219,310.6000061035156,30329600.0
2021-12-02,311.3999938964844,314.6000061035156,307.20001220703125,310.3900146484375,24396200.0
2021-12-03,313.7300109863281,313.75,299.5,306.8399963378906,27471000.0
2021-12-06,308.1300048828125,320.1000061035156,306.3399963378906,317.8699951171875,21758300.0
2021-12-07,321.57000732421875,326.5400085449219,321.0,322.80999755859375,18794000.0
2021-12-08,325.0,332.75,323.07000732421875,330.55999755859375,19937700.0
2021-12-09,329.5400085449219,336.1300048828125,328.0,329.82000732421875,16879200.0
2021-12-10,332.55999755859375,335.0299987792969,326.3699951171875,329.75,14528000.0
2021-12-13,330.95001220703125,341.0899963378906,329.5899963378906,334.489990234375,22948700.0
2021-12-14,328.04998779296875,335.70001220703125,327.6499938964844,333.739990234375,20461000.0
2021-12-15,332.489990234375,342.1099853515625,323.9800109863281,341.6600036621094,24681300.0
2021-12-16,338.9800109863281,344.4599914550781,333.739990234375,334.8999938964844,22635000.0
2021-12-17,332.79998779296875,337.1099853515625,330.75,333.7900085449219,40012600.0
2021-12-20,329.7799987792969,329.8999938964844,322.5299987792969,325.45001220703125,17901800.0
2021-12-21,326.4100036621094,336.0,323.75,334.20001220703125,16116800.0
2021-12-22,333.79998779296875,334.510009765625,328.260009765625,330.45001220703125,16764600.0
2021-12-23,330.1000061035156,336.6700134277344,328.3599853515625,335.239990234375,13987700.0
2021-12-27,338.8500061035156,347.8699951171875,338.010009765625,346.17999267578125,17795000.0
2021-12-28,346.6300048828125,352.7099914550781,345.20001220703125,346.2200012207031,16637600.0
2021-12-29,346.9100036621094,349.69000244140625,341.6400146484375,342.94000244140625,10747000.0
2021-12-30,344.0,347.2300109863281,343.2200012207031,344.3599853515625,10593300.0
2021-12-31,343.0199890136719,343.44000244140625,336.2699890136719,336.3500061035156,12870500.0
2022-01-03,338.29998779296875,341.0799865722656,337.19000244140625,338.5400085449219,14537900.0
2022-01-04,339.95001220703125,343.0899963378906,331.8699951171875,336.5299987792969,15998000.0
2022-01-05,333.0199890136719,335.760009765625,323.8399963378906,324.1700134277344,20564500.0
2022-01-06,322.82000732421875,339.1700134277344,322.7200012207031,332.4599914550781,27962800.0
2022-01-07,332.739990234375,337.0,328.8800048828125,331.7900085449219,14722000.0
2022-01-10,325.30999755859375,328.3399963378906,315.42999267578125,328.07000732421875,24942400.0
2022-01-11,326.7799987792969,334.6300048828125,325.2799987792969,334.3699951171875,16226800.0
2022-01-12,335.17999267578125,336.3699951171875,330.0299987792969,333.260009765625,14104900.0
2022-01-13,334.9800109863281,335.6300048828125,325.760009765625,326.4800109863281,14797100.0
2022-01-14,321.7900085449219,332.7300109863281,321.2099914550781,331.8999938964844,16868500.0
2022-01-18,323.2900085449219,324.2099914550781,317.6400146484375,318.1499938964844,22645600.0
2022-01-19,319.5799865722656,327.1000061035156,319.3299865722656,319.5899963378906,20814700.0
2022-01-20,323.8999938964844,327.82000732421875,315.9800109863281,316.55999755859375,16925000.0
2022-01-21,314.80999755859375,318.30999755859375,303.0400085449219,303.1700134277344,28710700.0
2022-01-24,297.8399963378906,309.5299987792969,289.010009765625,308.7099914550781,38878100.0
2022-01-25,299.95001220703125,306.2300109863281,297.5799865722656,300.1499938964844,25108500.0
2022-01-26,307.010009765625,307.510009765625,290.8500061035156,294.6300048828125,28348800.0
2022-01-27,297.75,301.7099914550781,294.260009765625,294.6400146484375,21629900.0
2022-01-28,295.6199951171875,301.8999938964844,293.0299987792969,301.7099914550781,21871600.0
2022-01-31,300.67999267578125,313.7900085449219,299.32000732421875,313.260009765625,21579500.0
2022-02-01,314.55999755859375,319.6600036621094,312.1199951171875,319.0,18023800.0
2022-02-02,327.82000732421875,328.0,316.8699951171875,323.0,58458300.0
2022-02-03,244.64999389648438,248.0,235.75,237.75999450683594,188119900.0
2022-02-04,234.97000122070312,242.61000061035156,230.11000061035156,237.08999633789062,89342200.0
2022-02-07,237.6999969482422,238.3000030517578,224.00999450683594,224.91000366210938,88613800.0
2022-02-08,220.85000610351562,225.77000427246094,216.14999389648438,220.17999267578125,94729700.0
2022-02-09,224.1999969482422,233.3699951171875,222.2100067138672,232.0,86563300.0
2022-02-10,228.27000427246094,235.0,226.6999969482422,228.07000732421875,49310400.0
2022-02-11,228.4600067138672,230.4199981689453,218.77000427246094,219.5500030517578,46156900.0
2022-02-14,219.30999755859375,221.0,214.77999877929688,217.6999969482422,38184000.0
2022-02-15,220.47000122070312,221.14999389648438,215.05999755859375,221.0,42685500.0
2022-02-16,212.41000366210938,217.4600067138672,212.36000061035156,216.5399932861328,45817500.0
2022-02-17,214.02000427246094,217.5,207.16000366210938,207.7100067138672,38747500.0
2022-02-18,209.38999938964844,210.75,205.17999267578125,206.16000366210938,37128400.0
2022-02-22,202.33999633789062,207.47999572753906,200.05999755859375,202.0800018310547,39852400.0
2022-02-23,204.16000366210938,206.94000244140625,198.0500030517578,198.4499969482422,44481400.0
2022-02-24,191.05999755859375,208.35000610351562,190.22000122070312,207.60000610351562,49957200.0
2022-02-25,204.94000244140625,211.32000732421875,203.17999267578125,210.47999572753906,37627600.0
2022-02-28,207.67999267578125,213.14999389648438,206.8300018310547,211.02999877929688,34239800.0
2022-03-01,209.8699951171875,211.75,202.22000122070312,203.49000549316406,27094900.0
2022-03-02,204.77999877929688,209.14999389648438,202.02000427246094,208.11000061035156,29452100.0
2022-03-03,209.02000427246094,209.0800018310547,201.4199981689453,202.97000122070312,27263500.0
2022-03-04,202.3699951171875,205.88999938964844,198.7899932861328,200.05999755859375,32130900.0
2022-03-07,200.7899932861328,200.88999938964844,187.27999877929688,187.47000122070312,38560600.0
2022-03-08,187.85000610351562,196.6999969482422,186.11000061035156,190.2899932861328,37508100.0
2022-03-09,195.74000549316406,199.10000610351562,193.9199981689453,198.5,31894700.0
2022-03-10,194.83999633789062,196.27999877929688,191.07000732421875,195.2100067138672,24853000.0
2022-03-11,192.63999938964844,193.55999755859375,186.6699981689453,187.61000061035156,34694500.0
2022-03-14,187.02999877929688,192.2899932861328,185.82000732421875,186.6300048828125,31010500.0
2022-03-15,190.8000030517578,192.27999877929688,185.91000366210938,192.02999877929688,31721700.0
2022-03-16,194.6999969482422,203.72999572753906,194.52000427246094,203.6300048828125,40640300.0
2022-03-17,201.6999969482422,208.0399932861328,201.11000061035156,207.83999633789062,29499700.0
2022-03-18,206.6999969482422,216.8000030517578,206.0,216.49000549316406,52128000.0
2022-03-21,214.5,214.7100067138672,207.6300048828125,211.49000549316406,30142300.0
2022-03-22,211.3699951171875,219.4600067138672,210.17999267578125,216.64999389648438,31998800.0
2022-03-23,213.3300018310547,216.8000030517578,212.16000366210938,213.4600067138672,23717300.0
2022-03-24,215.0,220.6699981689453,214.7899932861328,219.57000732421875,31502300.0
2022-03-25,220.50999450683594,225.5,218.88999938964844,221.82000732421875,40039000.0
2022-03-28,222.1300048828125,224.0399932861328,219.5399932861328,223.58999633789062,26224100.0
2022-03-29,226.07000732421875,230.88999938964844,225.2899932861328,229.86000061035156,31417900.0
2022-03-30,228.91000366210938,231.14999389648438,226.7100067138672,227.85000610351562,25588000.0
2022-03-31,228.4499969482422,228.49000549316406,222.25999450683594,222.36000061035156,24192300.0
2022-04-01,224.5500030517578,227.27999877929688,222.6999969482422,224.85000610351562,19544800.0
2022-04-04,225.97999572753906,234.35000610351562,225.86000061035156,233.88999938964844,28054800.0
2022-04-05,234.0800018310547,236.86000061035156,231.02000427246094,231.83999633789062,29727200.0
2022-04-06,226.91000366210938,228.99000549316406,221.41000366210938,223.3000030517578,28995100.0
2022-04-07,223.92999267578125,225.52000427246094,218.55999755859375,222.9499969482422,21037200.0
2022-04-08,222.3800048828125,225.1300048828125,220.02999877929688,222.3300018310547,18375700.0
2022-04-11,218.4199981689453,220.61000061035156,215.22000122070312,216.4600067138672,20516600.0
2022-04-12,220.24000549316406,222.02999877929688,213.1300048828125,214.13999938964844,20128800.0
2022-04-13,211.82000732421875,216.61000061035156,211.3300018310547,214.99000549316406,19231800.0
2022-04-14,214.88999938964844,214.99000549316406,210.0,210.17999267578125,18379500.0
2022-04-18,210.0,213.3800048828125,208.3000030517578,210.77000427246094,16580800.0
2022-04-19,210.52000427246094,218.42999267578125,209.0,217.30999755859375,20089900.0
2022-04-20,213.61000061035156,214.16000366210938,198.9199981689453,200.4199981689453,43036500.0
2022-04-21,201.60000610351562,202.97000122070312,185.5800018310547,188.07000732421875,49954100.0
2022-04-22,190.3699951171875,192.72000122070312,183.27000427246094,184.11000061035156,36426800.0
2022-04-25,182.72999572753906,187.17999267578125,181.66000366210938,186.99000549316406,29281100.0
2022-04-26,186.6300048828125,187.19000244140625,179.5,180.9499969482422,31747400.0
2022-04-27,174.42999267578125,181.2100067138672,169.0,174.9499969482422,71062900.0
2022-04-28,202.9199981689453,208.52999877929688,192.89999389648438,205.72999572753906,100890600.0
2022-04-29,204.4600067138672,212.47999572753906,199.89999389648438,200.47000122070312,49193400.0
2022-05-02,201.1699981689453,211.8800048828125,200.99000549316406,211.1300048828125,49915300.0
2022-05-03,210.4499969482422,214.89999389648438,208.08999633789062,212.02999877929688,41556300.0
2022-05-04,210.64999389648438,224.3000030517578,206.9600067138672,223.41000366210938,41375900.0
2022-05-05,218.74000549316406,220.1699981689453,206.16000366210938,208.27999877929688,41129200.0
2022-05-06,207.33999633789062,209.3800048828125,201.02000427246094,203.77000427246094,34747200.0
2022-05-09,199.83999633789062,202.57000732421875,195.5800018310547,196.2100067138672,36303200.0
2022-05-10,199.50999450683594,202.9600067138672,194.19000244140625,197.64999389648438,34452500.0
2022-05-11,196.3300018310547,200.6699981689453,188.27000427246094,188.74000549316406,31153400.0
2022-05-12,187.05999755859375,198.0500030517578,184.77999877929688,191.24000549316406,38262200.0
2022-05-13,192.5800018310547,199.88999938964844,191.27999877929688,198.6199951171875,24549800.0
2022-05-16,197.0500030517578,205.3699951171875,195.92999267578125,200.0399932861328,27112600.0
2022-05-17,202.1199951171875,205.4600067138672,198.36000061035156,202.6199951171875,24872700.0
2022-05-18,200.0,201.0,191.6300048828125,192.24000549316406,23960000.0
2022-05-19,191.1999969482422,195.2899932861328,189.60000610351562,191.2899932861328,24446900.0
2022-05-20,194.97000122070312,197.91000366210938,187.8699951171875,193.5399932861328,31465600.0
2022-05-23,195.19000244140625,196.99000549316406,191.24000549316406,196.22999572753906,25059200.0
2022-05-24,180.5500030517578,183.67999267578125,176.11000061035156,181.27999877929688,50406300.0
2022-05-25,180.39999389648438,185.4499969482422,179.32000732421875,183.8300018310547,28030200.0
2022-05-26,182.8800048828125,192.8300018310547,182.25999450683594,191.6300048828125,23056500.0
2022-05-27,191.36000061035156,195.3300018310547,189.8000030517578,195.1300048828125,22562700.0
2022-05-31,194.88999938964844,197.60000610351562,192.00999450683594,193.63999938964844,26131100.0
2022-06-01,196.50999450683594,199.52999877929688,185.0,188.63999938964844,36623500.0
2022-06-02,188.4499969482422,200.94000244140625,187.72999572753906,198.86000061035156,31951600.0
2022-06-03,195.97999572753906,196.61000061035156,189.77999877929688,190.77999877929688,19465000.0
2022-06-06,193.99000549316406,196.9199981689453,188.39999389648438,194.25,30574200.0
2022-06-07,191.92999267578125,196.52999877929688,191.49000549316406,195.64999389648438,18828700.0
2022-06-08,194.6699981689453,202.02999877929688,194.41000366210938,196.63999938964844,22267200.0
2022-06-09,194.27999877929688,199.4499969482422,183.67999267578125,184.0,23501600.0
2022-06-10,183.0399932861328,183.10000610351562,175.02000427246094,175.57000732421875,27450800.0
2022-06-13,170.58999633789062,172.5800018310547,164.02999877929688,164.25999450683594,31749300.0
2022-06-14,166.02999877929688,166.75,161.36000061035156,163.72999572753906,27244300.0
2022-06-15,167.1999969482422,172.16000366210938,163.97999572753906,169.35000610351562,30008300.0
2022-06-16,163.72000122070312,165.0800018310547,159.61000061035156,160.8699951171875,26944100.0
2022-06-17,161.67999267578125,165.89999389648438,159.89999389648438,163.74000549316406,31374200.0
2022-06-21,165.92999267578125,167.75999450683594,155.97000122070312,157.0500030517578,50724900.0
2022-06-22,158.3800048828125,160.7899932861328,155.44000244140625,155.85000610351562,47267800.0
2022-06-23,156.27000427246094,159.75,154.25,158.75,40499200.0
2022-06-24,161.72999572753906,170.25,161.3000030517578,170.16000366210938,68736000.0
2022-06-27,171.32000732421875,171.75,168.00999450683594,169.49000549316406,29174600.0
2022-06-28,169.89999389648438,171.3000030517578,160.61000061035156,160.67999267578125,27744500.0
2022-06-29,163.57000732421875,166.3300018310547,160.32000732421875,163.94000244140625,28595200.0
2022-06-30,162.14999389648438,165.22999572753906,158.49000549316406,161.25,35250600.0
2022-07-01,160.30999755859375,160.6199951171875,155.0,160.02999877929688,31423900.0
2022-07-05,158.13999938964844,168.25,157.02000427246094,168.19000244140625,28618600.0
2022-07-06,168.1999969482422,171.58999633789062,165.4600067138672,169.77000427246094,23085900.0
2022-07-07,169.4499969482422,172.72000122070312,167.77999877929688,172.19000244140625,24083400.0
2022-07-08,169.97999572753906,172.39999389648438,168.14999389648438,170.8800048828125,19249200.0
2022-07-11,167.07000732421875,167.49000549316406,161.91000366210938,162.8800048828125,21885600.0
2022-07-12,164.8000030517578,165.91000366210938,162.10000610351562,163.27000427246094,16639700.0
2022-07-13,160.16000366210938,164.97999572753906,159.61000061035156,163.49000549316406,16555100.0
2022-07-14,161.22000122070312,162.58999633789062,157.27999877929688,158.0500030517578,23765200.0
2022-07-15,160.5399932861328,164.97999572753906,159.82000732421875,164.6999969482422,23342800.0
2022-07-18,166.75,171.69000244140625,165.63999938964844,167.22999572753906,23574300.0
2022-07-19,170.3699951171875,176.49000549316406,169.50999450683594,175.77999877929688,25933700.0
2022-07-20,177.49000549316406,183.60000610351562,176.6999969482422,183.08999633789062,24784300.0
2022-07-21,180.6300048828125,183.85000610351562,178.8699951171875,183.1699981689453,27195800.0
2022-07-22,173.07000732421875,175.60000610351562,168.41000366210938,169.27000427246094,42583900.0
2022-07-25,169.0,170.57000732421875,164.80999755859375,166.64999389648438,26166300.0
2022-07-26,165.94000244140625,166.0,157.9499969482422,159.14999389648438,28468400.0
2022-07-27,162.58999633789062,170.8699951171875,162.02000427246094,169.5800018310547,43846600.0
2022-07-28,161.05999755859375,161.50999450683594,154.85000610351562,160.72000122070312,73214300.0
2022-07-29,157.69000244140625,160.13999938964844,155.1699981689453,159.10000610351562,42065400.0
2022-08-01,157.25,165.19000244140625,155.22999572753906,159.92999267578125,40596700.0
2022-08-02,158.30999755859375,162.24000549316406,158.00999450683594,160.19000244140625,27374500.0
2022-08-03,162.69000244140625,169.5399932861328,161.57000732421875,168.8000030517578,31721900.0
2022-08-04,168.3000030517578,172.14999389648438,166.8000030517578,170.57000732421875,23938200.0
2022-08-05,166.99000549316406,171.61000061035156,165.8000030517578,167.11000061035156,25832700.0
2022-08-08,168.0,177.50999450683594,167.1300048828125,170.25,27299100.0
2022-08-09,168.9499969482422,169.52999877929688,166.60000610351562,168.52999877929688,18655100.0
2022-08-10,175.99000549316406,180.47999572753906,173.9499969482422,178.33999633789062,30262100.0
2022-08-11,179.7100067138672,183.10000610351562,176.3699951171875,177.49000549316406,24079100.0
2022-08-12,180.80999755859375,181.4600067138672,178.91000366210938,180.5,21274000.0
2022-08-15,178.9600067138672,181.44000244140625,178.1999969482422,180.88999938964844,15878700.0
2022-08-16,179.44000244140625,180.99000549316406,177.0399932861328,179.47000122070312,21156700.0
2022-08-17,176.75999450683594,178.13999938964844,174.1699981689453,174.85000610351562,20118100.0
2022-08-18,174.33999633789062,175.75999450683594,171.86000061035156,174.66000366210938,18844500.0
2022-08-19,170.1999969482422,172.32000732421875,167.0500030517578,167.9600067138672,26240800.0
2022-08-22,165.49000549316406,165.49000549316406,162.25999450683594,163.0500030517578,19499700.0
2022-08-23,162.47999572753906,165.0500030517578,160.6999969482422,161.11000061035156,18111800.0
2022-08-24,160.60000610351562,165.4600067138672,159.77000427246094,163.25999450683594,20891500.0
2022-08-25,165.17999267578125,168.8800048828125,164.02000427246094,168.77999877929688,15550500.0
2022-08-26,168.47999572753906,170.9199981689453,161.6699981689453,161.77999877929688,24023600.0
2022-08-29,160.66000366210938,163.0500030517578,159.00999450683594,159.1699981689453,20052700.0
2022-08-30,160.35000610351562,161.66000366210938,155.91000366210938,157.16000366210938,19567900.0
2022-08-31,167.07000732421875,167.83999633789062,162.13999938964844,162.92999267578125,40953000.0
2022-09-01,163.5800018310547,167.36000061035156,160.35000610351562,165.36000061035156,30145700.0
2022-09-02,167.4499969482422,167.92999267578125,159.22000122070312,160.32000732421875,22634200.0
2022-09-06,160.10000610351562,161.69000244140625,157.69000244140625,158.5399932861328,19339800.0
2022-09-07,157.75999450683594,160.9600067138672,156.80999755859375,160.38999938964844,16831200.0
2022-09-08,158.7100067138672,162.22999572753906,157.74000549316406,162.05999755859375,22530800.0
2022-09-09,163.25,169.5399932861328,163.02000427246094,169.14999389648438,22086800.0
2022-09-12,167.38999938964844,171.38999938964844,167.27999877929688,168.9600067138672,23220400.0
2022-09-13,161.5399932861328,161.6300048828125,152.6699981689453,153.1300048828125,44444100.0
2022-09-14,153.3300018310547,153.5399932861328,149.0500030517578,151.47000122070312,43064200.0
2022-09-15,149.8000030517578,154.1999969482422,148.6999969482422,149.5500030517578,34606300.0
2022-09-16,148.0500030517578,148.5800018310547,144.2899932861328,146.2899932861328,40122800.0
2022-09-19,145.24000549316406,148.5800018310547,145.10000610351562,148.02000427246094,22169500.0
2022-09-20,145.77999877929688,148.83999633789062,145.22000122070312,146.08999633789062,23217400.0
2022-09-21,146.38999938964844,149.60000610351562,142.0,142.1199951171875,38338600.0
2022-09-22,141.5500030517578,144.5800018310547,140.8699951171875,142.82000732421875,34418500.0
2022-09-23,141.4199981689453,142.6199951171875,138.88999938964844,140.41000366210938,31710700.0
2022-09-26,140.1199951171875,142.24000549316406,136.19000244140625,136.3699951171875,30497000.0
2022-09-27,137.9199981689453,139.4199981689453,134.1199951171875,134.39999389648438,30826500.0
2022-09-28,134.6199951171875,142.02999877929688,134.27000427246094,141.61000061035156,32658500.0
2022-09-29,139.36000061035156,139.83999633789062,135.1999969482422,136.41000366210938,38985400.0
2022-09-30,136.0500030517578,140.99000549316406,135.5,135.67999267578125,33166400.0
2022-10-03,137.13999938964844,139.6199951171875,136.10000610351562,138.61000061035156,27723100.0
2022-10-04,140.49000549316406,142.38999938964844,139.33999633789062,140.27999877929688,34670700.0
2022-10-05,138.24000549316406,140.2100067138672,134.77999877929688,138.97999572753906,27979300.0
2022-10-06,137.72000122070312,141.4499969482422,136.60000610351562,139.07000732421875,36231100.0
2022-10-07,136.75999450683594,138.2899932861328,132.44000244140625,133.4499969482422,33214800.0
2022-10-10,133.5500030517578,136.11000061035156,131.8699951171875,133.7899932861328,24024000.0
2022-10-11,131.6199951171875,132.66000366210938,126.98999786376953,128.5399932861328,38481400.0
2022-10-12,128.32000732421875,129.6699981689453,126.25,127.5,34605200.0
2022-10-13,123.52999877929688,131.13999938964844,122.52999877929688,130.2899932861328,34325700.0
2022-10-14,131.0,131.7899932861328,126.5199966430664,126.76000213623047,23559400.0
2022-10-17,130.3000030517578,134.7899932861328,130.17999267578125,134.0399932861328,29612200.0
2022-10-18,137.08999633789062,137.83999633789062,131.39999389648438,132.8000030517578,25445000.0
2022-10-19,132.88999938964844,137.0,132.22000122070312,133.22999572753906,30691000.0
2022-10-20,132.92999267578125,136.77000427246094,131.30999755859375,131.52999877929688,26356300.0
2022-10-21,126.30999755859375,130.1199951171875,125.44000244140625,130.00999450683594,46348600.0
2022-10-24,127.25,133.47999572753906,124.56999969482422,129.72000122070312,63563400.0
2022-10-25,130.8800048828125,138.35000610351562,130.58999633789062,137.50999450683594,38433200.0
2022-10-26,131.67999267578125,135.5500030517578,128.52999877929688,129.82000732421875,82791500.0
2022-10-27,97.9800033569336,102.5,96.37999725341797,97.94000244140625,232316600.0
2022-10-28,99.58000183105469,100.8499984741211,97.51000213623047,99.19999694824219,95928300.0
2022-10-31,98.22000122070312,99.31999969482422,92.5999984741211,93.16000366210938,121361400.0
2022-11-01,94.33000183105469,97.48999786376953,93.55000305175781,95.19999694824219,110189600.0
2022-11-02,94.20999908447266,95.19999694824219,90.4800033569336,90.54000091552734,71821100.0
2022-11-03,90.08000183105469,90.45999908447266,88.41000366210938,88.91000366210938,60664000.0
2022-11-04,90.3499984741211,91.38999938964844,88.08999633789062,90.79000091552734,55638100.0
2022-11-07,94.77999877929688,96.87999725341797,93.0999984741211,96.72000122070312,81987300.0
2022-11-08,95.91999816894531,97.80000305175781,94.79000091552734,96.47000122070312,52088300.0
2022-11-09,101.72000122070312,104.9000015258789,100.73999786376953,101.47000122070312,107677300.0
2022-11-10,107.12000274658203,112.75,104.61000061035156,111.87000274658203,80671000.0
2022-11-11,109.2300033569336,114.9000015258789,108.80999755859375,113.0199966430664,59961700.0
2022-11-14,110.98999786376953,116.2699966430664,110.80000305175781,114.22000122070312,53395000.0
2022-11-15,116.06999969482422,118.73999786376953,114.41000366210938,117.08000183105469,50670500.0
2022-11-16,114.5,116.08000183105469,112.66000366210938,113.2300033569336,33287800.0
2022-11-17,110.41000366210938,112.33000183105469,109.80000305175781,111.44999694824219,35093800.0
2022-11-18,113.80000305175781,114.31999969482422,110.62000274658203,112.05000305175781,33357700.0
2022-11-21,111.5199966430664,112.37000274658203,109.19000244140625,109.86000061035156,24351100.0
2022-11-22,109.86000061035156,111.62000274658203,108.31999969482422,111.44000244140625,29029000.0
2022-11-23,111.72000122070312,112.66999816894531,110.7300033569336,112.23999786376953,21343100.0
2022-11-25,111.30000305175781,112.7300033569336,111.0199966430664,111.41000366210938,12007600.0
2022-11-28,110.77999877929688,112.04000091552734,108.37999725341797,108.77999877929688,23309400.0
2022-11-29,109.54000091552734,110.94000244140625,108.54000091552734,109.45999908447266,23899200.0
2022-11-30,109.51000213623047,118.16000366210938,109.37999725341797,118.0999984741211,43348600.0
2022-12-01,119.19999694824219,121.19999694824219,118.4000015258789,120.44000244140625,36551400.0
2022-12-02,117.83000183105469,124.04000091552734,117.61000061035156,123.48999786376953,39950500.0
2022-12-05,121.75,124.66999816894531,121.3499984741211,122.43000030517578,35474900.0
2022-12-06,119.91000366210938,120.55000305175781,113.73999786376953,114.12000274658203,43689200.0
2022-12-07,113.76000213623047,115.87999725341797,112.87999725341797,113.93000030517578,29461100.0
2022-12-08,116.38999938964844,117.33999633789062,114.58999633789062,115.33000183105469,30619400.0
2022-12-09,115.30000305175781,117.54000091552734,113.87000274658203,115.9000015258789,26033400.0
2022-12-12,115.18000030517578,115.72000122070312,113.13999938964844,114.70999908447266,24747100.0
2022-12-13,122.12999725341797,123.30000305175781,118.63999938964844,120.1500015258789,44701100.0
2022-12-14,119.38999938964844,124.13999938964844,119.38999938964844,121.58999633789062,36922000.0
2022-12-15,118.33000183105469,118.62999725341797,114.01000213623047,116.1500015258789,34531000.0
2022-12-16,120.2300033569336,123.30999755859375,118.81999969482422,119.43000030517578,67064000.0
2022-12-19,116.83000183105469,117.80000305175781,114.33000183105469,114.4800033569336,29769900.0
2022-12-20,113.26000213623047,117.33000183105469,112.45999908447266,117.08999633789062,28742500.0
2022-12-21,116.69999694824219,120.33999633789062,115.62000274658203,119.76000213623047,20392800.0
2022-12-22,117.19999694824219,118.62000274658203,114.37999725341797,117.12000274658203,23618100.0
2022-12-23,116.02999877929688,118.18000030517578,115.54000091552734,118.04000091552734,17796600.0
2022-12-27,117.93000030517578,118.5999984741211,116.05000305175781,116.87999725341797,21392300.0
2022-12-28,116.25,118.1500015258789,115.51000213623047,115.62000274658203,19612500.0
2022-12-29,116.4000015258789,121.02999877929688,115.7699966430664,120.26000213623047,22366200.0
2022-12-30,118.16000366210938,120.41999816894531,117.73999786376953,120.33999633789062,19583800.0
2023-01-03,122.81999969482422,126.37000274658203,122.27999877929688,124.73999786376953,35528500.0
2023-01-04,127.37999725341797,129.0500030517578,125.8499984741211,127.37000274658203,32397100.0
2023-01-05,126.12999725341797,128.52000427246094,124.54000091552734,126.94000244140625,25447100.0
2023-01-06,128.97000122070312,130.3300018310547,126.04000091552734,130.02000427246094,27584500.0
2023-01-09,131.16000366210938,132.9499969482422,129.27999877929688,129.47000122070312,26649100.0
2023-01-10,127.2699966430664,133.44000244140625,127.1500015258789,132.99000549316406,28684400.0
2023-01-11,130.9600067138672,133.85000610351562,130.33999633789062,132.88999938964844,25423000.0
2023-01-12,133.44000244140625,137.67999267578125,131.75999450683594,136.7100067138672,30757700.0
2023-01-13,134.97000122070312,137.38999938964844,134.83999633789062,136.97999572753906,22423800.0
2023-01-17,136.17999267578125,136.75,134.25,135.36000061035156,21147600.0
2023-01-18,135.80999755859375,137.25,132.8000030517578,133.02000427246094,20215500.0
2023-01-19,132.49000549316406,137.4499969482422,132.13999938964844,136.14999389648438,28625200.0
2023-01-20,135.88999938964844,139.94000244140625,134.61000061035156,139.3699951171875,28688600.0
2023-01-23,139.2899932861328,143.75999450683594,138.66000366210938,143.27000427246094,27470100.0
2023-01-24,141.69000244140625,145.0,141.36000061035156,143.13999938964844,21970200.0
2023-01-25,141.22000122070312,143.1699981689453,140.30999755859375,141.5,26622000.0
2023-01-26,144.39999389648438,147.50999450683594,143.3000030517578,147.3000030517578,25482100.0
2023-01-27,148.24000549316406,153.19000244140625,147.38999938964844,151.74000549316406,35771900.0
2023-01-30,149.41000366210938,151.1199951171875,146.9499969482422,147.05999755859375,28040100.0
2023-01-31,147.9499969482422,149.8800048828125,147.52000427246094,148.97000122070312,29842100.0
2023-02-01,148.02999877929688,153.5800018310547,147.05999755859375,153.1199951171875,55661000.0
2023-02-02,183.3800048828125,197.16000366210938,180.16000366210938,188.77000427246094,150475700.0
2023-02-03,183.47000122070312,196.77000427246094,182.88999938964844,186.52999877929688,76809700.0
2023-02-06,186.52999877929688,190.6999969482422,185.52000427246094,186.05999755859375,42483800.0
2023-02-07,185.5800018310547,193.77999877929688,184.39999389648438,191.6199951171875,47080700.0
2023-02-08,190.0,190.8300018310547,182.9199981689453,183.42999267578125,36139100.0
2023-02-09,186.1300048828125,186.64999389648438,177.27000427246094,177.9199981689453,37118800.0
2023-02-10,176.35000610351562,178.88999938964844,173.35000610351562,174.14999389648438,33433600.0
2023-02-13,178.22000122070312,181.0,175.82000732421875,179.42999267578125,31463200.0
2023-02-14,177.16000366210938,181.50999450683594,175.8800048828125,179.47999572753906,24034600.0
2023-02-15,176.4199981689453,178.19000244140625,175.3300018310547,177.16000366210938,25308900.0
2023-02-16,172.75,175.85000610351562,171.7899932861328,172.44000244140625,25827500.0
2023-02-17,170.22000122070312,173.17999267578125,169.6999969482422,172.8800048828125,24171300.0
2023-02-21,174.30999755859375,178.1699981689453,171.8800048828125,172.0800018310547,34592600.0
2023-02-22,171.07000732421875,172.75999450683594,169.69000244140625,171.1199951171875,22433200.0
2023-02-23,172.0,173.69000244140625,169.3800048828125,172.0399932861328,20017800.0
2023-02-24,168.63999938964844,170.72000122070312,167.66000366210938,170.38999938964844,19791300.0
2023-02-27,171.8800048828125,173.1199951171875,169.05999755859375,169.5399932861328,19277000.0
2023-02-28,171.89999389648438,177.5500030517578,171.8699951171875,174.94000244140625,46051100.0
2023-03-01,174.58999633789062,177.85000610351562,173.0500030517578,173.4199981689453,30998400.0
2023-03-02,172.3800048828125,175.00999450683594,171.42999267578125,174.52999877929688,17352000.0
2023-03-03,178.9199981689453,186.6199951171875,177.0500030517578,185.25,45877700.0
2023-03-06,188.0,189.66000366210938,184.63999938964844,184.89999389648438,33209400.0
2023-03-07,189.0,190.36000061035156,184.00999450683594,184.50999450683594,36701500.0
2023-03-08,182.8699951171875,185.25999450683594,181.33999633789062,184.97000122070312,19432400.0
2023-03-09,186.35000610351562,188.92999267578125,180.3000030517578,181.69000244140625,26582800.0
2023-03-10,181.00999450683594,184.77000427246094,178.8000030517578,179.50999450683594,25665000.0
2023-03-13,177.9600067138672,183.77999877929688,174.82000732421875,180.89999389648438,24728000.0
2023-03-14,187.5800018310547,194.32000732421875,186.55999755859375,194.02000427246094,41642600.0
2023-03-15,192.9499969482422,197.77999877929688,190.83999633789062,197.75,42123600.0
2023-03-16,198.25999450683594,205.75999450683594,196.08999633789062,204.92999267578125,50447100.0
2023-03-17,200.55999755859375,201.89999389648438,195.42999267578125,195.61000061035156,50141100.0
2023-03-20,198.47999572753906,199.36000061035156,193.63999938964844,197.80999755859375,25186300.0
2023-03-21,203.1999969482422,203.5500030517578,197.9499969482422,202.16000366210938,31827000.0
2023-03-22,202.5,207.3699951171875,199.6699981689453,199.80999755859375,28477800.0
2023-03-23,202.83999633789062,207.8800048828125,202.14999389648438,204.27999877929688,27389700.0
2023-03-24,205.17999267578125,207.5800018310547,203.5500030517578,206.00999450683594,27716400.0
2023-03-27,204.80999755859375,205.86000061035156,201.36000061035156,202.83999633789062,18527200.0
2023-03-28,200.14999389648438,201.02999877929688,197.89999389648438,200.67999267578125,19127300.0
2023-03-29,203.55999755859375,205.72000122070312,202.5399932861328,205.35000610351562,18851100.0
2023-03-30,203.3800048828125,208.08999633789062,202.82000732421875,207.83999633789062,22608300.0
2023-03-31,207.24000549316406,212.1699981689453,206.77000427246094,211.94000244140625,25440300.0
2023-04-03,208.83999633789062,213.49000549316406,208.1999969482422,213.07000732421875,17924600.0
2023-04-04,213.38999938964844,216.24000549316406,212.5399932861328,214.72000122070312,21026400.0
2023-04-05,214.14999389648438,215.19000244140625,209.94000244140625,211.47999572753906,19396600.0
2023-04-06,209.25,216.94000244140625,208.64999389648438,216.10000610351562,26104400.0
2023-04-10,214.7100067138672,215.66000366210938,210.66000366210938,214.75,16106100.0
2023-04-11,215.47999572753906,216.02000427246094,213.41000366210938,213.85000610351562,16710100.0
2023-04-12,214.83999633789062,216.83999633789062,212.5800018310547,214.0,18972200.0
2023-04-13,215.72999572753906,221.14999389648438,215.69000244140625,220.35000610351562,23310400.0
2023-04-14,217.8800048828125,222.11000061035156,217.5500030517578,221.49000549316406,21591200.0
2023-04-17,219.7899932861328,220.97999572753906,217.1300048828125,218.86000061035156,15481900.0
2023-04-18,219.91000366210938,220.44000244140625,216.2100067138672,217.88999938964844,12281000.0
2023-04-19,213.47000122070312,217.3300018310547,212.92999267578125,215.6999969482422,15898100.0
2023-04-20,213.47999572753906,216.75,212.77000427246094,213.07000732421875,16475400.0
2023-04-21,210.2100067138672,213.41000366210938,209.5800018310547,212.88999938964844,17717200.0
2023-04-24,213.67999267578125,213.9199981689453,210.7100067138672,212.7899932861328,15750900.0
2023-04-25,210.82000732421875,211.25999450683594,207.1300048828125,207.5500030517578,19198200.0
2023-04-26,212.5,214.11000061035156,208.8800048828125,209.39999389648438,41992700.0
2023-04-27,239.88999938964844,241.69000244140625,236.77000427246094,238.55999755859375,71196500.0
2023-04-28,239.00999450683594,240.42999267578125,235.75,240.32000732421875,39554000.0
2023-05-01,238.6199951171875,244.0,236.4600067138672,243.17999267578125,29143900.0
2023-05-02,243.17999267578125,244.9199981689453,238.99000549316406,239.24000549316406,24350100.0
2023-05-03,239.47000122070312,241.75,232.75,237.02999877929688,34463900.0
2023-05-04,236.05999755859375,238.1999969482422,232.92999267578125,233.52000427246094,17889400.0
2023-05-05,232.24000549316406,234.67999267578125,229.85000610351562,232.77999877929688,26978900.0
2023-05-08,231.4199981689453,235.6199951171875,230.27000427246094,233.27000427246094,16400500.0
2023-05-09,231.4600067138672,235.8800048828125,231.0800018310547,233.3699951171875,16865600.0
2023-05-10,236.1699981689453,236.75,230.72000122070312,233.0800018310547,19119000.0
2023-05-11,233.0500030517578,238.2100067138672,232.3000030517578,235.7899932861328,20449000.0
2023-05-12,236.74000549316406,236.9600067138672,231.4499969482422,233.80999755859375,16155300.0
2023-05-15,236.9199981689453,240.25999450683594,235.3300018310547,238.86000061035156,20653200.0
2023-05-16,235.7899932861328,239.63999938964844,235.52000427246094,238.82000732421875,18163800.0
2023-05-17,238.4499969482422,243.83999633789062,238.13999938964844,242.49000549316406,21193100.0
2023-05-18,241.3000030517578,247.08999633789062,241.19000244140625,246.85000610351562,22943300.0
2023-05-19,247.47000122070312,248.69000244140625,243.41000366210938,245.63999938964844,21599800.0
2023-05-22,245.41000366210938,253.57000732421875,245.1199951171875,248.32000732421875,27738500.0
2023-05-23,246.80999755859375,251.61000061035156,246.64999389648438,246.74000549316406,17748100.0
2023-05-24,245.27999877929688,249.58999633789062,244.9499969482422,249.2100067138672,17724300.0
2023-05-25,253.39999389648438,255.6199951171875,249.1699981689453,252.69000244140625,22371400.0
2023-05-26,252.92999267578125,262.30999755859375,252.7100067138672,262.0400085449219,25727200.0
2023-05-30,265.25,268.6499938964844,261.2900085449219,262.5199890136719,23816500.0
2023-05-31,260.0,265.0,258.45001220703125,264.7200012207031,25473700.0
2023-06-01,265.8999938964844,274.0,265.8900146484375,272.6099853515625,25609500.0
2023-06-02,272.6600036621094,275.3500061035156,271.1199951171875,272.6099853515625,19405300.0
2023-06-05,270.29998779296875,275.57000732421875,269.55999755859375,271.3900146484375,20742900.0
2023-06-06,270.1400146484375,276.57000732421875,269.69000244140625,271.1199951171875,19419000.0
2023-06-07,271.6700134277344,274.25,262.79998779296875,263.6000061035156,26163600.0
2023-06-08,260.6199951171875,267.6499938964844,258.8800048828125,264.5799865722656,20899400.0
2023-06-09,262.4800109863281,267.95001220703125,261.70001220703125,264.95001220703125,16938500.0
2023-06-12,267.1700134277344,271.75,265.3299865722656,271.04998779296875,15442500.0
2023-06-13,274.8800048828125,275.7200012207031,269.0899963378906,271.32000732421875,16164000.0
2023-06-14,271.8900146484375,274.989990234375,268.32000732421875,273.3500061035156,19175100.0
2023-06-15,272.29998779296875,283.989990234375,271.4200134277344,281.8299865722656,25973500.0
2023-06-16,284.75,287.8500061035156,280.1300048828125,281.0,43102500.0
2023-06-20,278.7300109863281,284.79998779296875,276.2200012207031,284.3299865722656,20701600.0
2023-06-21,283.5299987792969,284.0,278.3599853515625,281.6400146484375,20556200.0
2023-06-22,279.0799865722656,285.260009765625,277.7900085449219,284.8800048828125,17563100.0
2023-06-23,281.510009765625,289.6700134277344,278.95001220703125,288.7300109863281,50988400.0
2023-06-26,288.70001220703125,289.7900085449219,277.6000061035156,278.4700012207031,24232700.0
2023-06-27,282.010009765625,289.3500061035156,280.6499938964844,287.04998779296875,26108300.0
2023-06-28,284.82000732421875,289.54998779296875,284.05999755859375,285.2900085449219,16722100.0
2023-06-29,284.5,286.57000732421875,280.69000244140625,281.5299987792969,15395700.0
2023-06-30,284.760009765625,289.04998779296875,284.4200134277344,286.9800109863281,19676000.0
2023-07-03,286.70001220703125,289.3999938964844,284.8500061035156,286.0199890136719,8629300.0
2023-07-05,287.6499938964844,298.1199951171875,286.3599853515625,294.3699951171875,33865500.0
2023-07-06,295.8900146484375,298.1199951171875,291.30999755859375,291.989990234375,47600500.0
2023-07-07,292.17999267578125,296.20001220703125,288.6600036621094,290.5299987792969,25546200.0
2023-07-10,295.54998779296875,298.1300048828125,287.04998779296875,294.1000061035156,37058300.0
2023-07-11,293.8999938964844,300.17999267578125,291.8999938964844,298.2900085449219,27585900.0
2023-07-12,301.75,309.45001220703125,300.1000061035156,309.3399963378906,36677100.0
2023-07-13,313.6199951171875,316.239990234375,310.2900085449219,313.4100036621094,30281000.0
2023-07-14,311.7900085449219,314.8800048828125,307.3599853515625,308.8699951171875,22576000.0
2023-07-17,307.5400085449219,311.7099914550781,304.7099914550781,310.6199951171875,25323100.0
2023-07-18,310.8800048828125,314.20001220703125,307.6199951171875,312.04998779296875,20764600.0
2023-07-19,313.0299987792969,318.67999267578125,310.5199890136719,316.010009765625,21763700.0
2023-07-20,313.5,315.5400085449219,302.2200012207031,302.5199890136719,23836900.0
2023-07-21,304.57000732421875,305.4599914550781,291.20001220703125,294.260009765625,42089700.0
2023-07-24,295.7799987792969,297.5199890136719,288.29998779296875,291.6099853515625,24915700.0
2023-07-25,295.19000244140625,298.29998779296875,291.8599853515625,294.4700012207031,19585600.0
2023-07-26,301.19000244140625,301.7699890136719,291.8999938964844,298.57000732421875,47256900.0
2023-07-27,325.1199951171875,325.3500061035156,309.8399963378906,311.7099914550781,64229200.0
2023-07-28,316.8800048828125,326.20001220703125,314.25,325.4800109863281,39220300.0
2023-07-31,323.69000244140625,325.6600036621094,317.5899963378906,318.6000061035156,25799600.0
